Timestamp,TrafficCount
2020-01-20 00:00:00,436.0
2020-01-20 01:00:00,269.0
2020-01-20 02:00:00,517.0
2020-01-20 03:00:00,129.0
2020-01-20 04:00:00,278.0
2020-01-20 05:00:00,435.0
2020-01-20 06:00:00,277.0
2020-01-20 07:00:00,1082.0
2020-01-20 08:00:00,3432.0
2020-01-20 09:00:00,7446.0
2020-01-20 10:00:00,10434.0
2020-01-20 11:00:00,11825.0
2020-01-20 12:00:00,8564.0
2020-01-20 13:00:00,11594.0
2020-01-20 14:00:00,10035.0
2020-01-20 15:00:00,7657.0
2020-01-20 16:00:00,6183.0
2020-01-20 17:00:00,4876.0
2020-01-20 18:00:00,4049.0
2020-01-20 19:00:00,2338.0
2020-01-20 20:00:00,1160.0
2020-01-20 21:00:00,1398.0
2020-01-20 22:00:00,633.0
2020-01-20 23:00:00,263.0
2020-01-21 00:00:00,261.0
2020-01-21 01:00:00,256.0
2020-01-21 02:00:00,281.0
2020-01-21 03:00:00,338.0
2020-01-21 04:00:00,263.0
2020-01-21 05:00:00,617.0
2020-01-21 06:00:00,557.0
2020-01-21 07:00:00,2673.0
2020-01-21 08:00:00,8002.0
2020-01-21 09:00:00,16128.0
2020-01-21 10:00:00,24905.0
2020-01-21 11:00:00,34959.0
2020-01-21 12:00:00,28782.0
2020-01-21 13:00:00,30171.0
2020-01-21 14:00:00,27725.0
2020-01-21 15:00:00,24082.0
2020-01-21 16:00:00,19487.0
2020-01-21 17:00:00,16054.0
2020-01-21 18:00:00,12194.0
2020-01-21 19:00:00,9077.0
2020-01-21 20:00:00,4919.0
2020-01-21 21:00:00,3826.0
2020-01-21 22:00:00,1087.0
2020-01-21 23:00:00,877.0
2020-01-22 00:00:00,381.0
2020-01-22 01:00:00,209.0
2020-01-22 02:00:00,196.0
2020-01-22 03:00:00,365.0
2020-01-22 04:00:00,300.0
2020-01-22 05:00:00,278.0
2020-01-22 06:00:00,824.0
2020-01-22 07:00:00,3164.0
2020-01-22 08:00:00,7674.0
2020-01-22 09:00:00,16821.0
2020-01-22 10:00:00,38016.0
2020-01-22 11:00:00,52405.0
2020-01-22 12:00:00,42522.0
2020-01-22 13:00:00,47863.0
2020-01-22 14:00:00,56875.0
2020-01-22 15:00:00,55951.0
2020-01-22 16:00:00,44857.0
2020-01-22 17:00:00,33734.0
2020-01-22 18:00:00,21005.0
2020-01-22 19:00:00,13542.0
2020-01-22 20:00:00,8156.0
2020-01-22 21:00:00,5830.0
2020-01-22 22:00:00,1108.0
2020-01-22 23:00:00,465.0
2020-01-23 00:00:00,700.0
2020-01-23 01:00:00,657.0
2020-01-23 02:00:00,291.0
2020-01-23 03:00:00,271.0
2020-01-23 04:00:00,137.0
2020-01-23 05:00:00,705.0
2020-01-23 06:00:00,711.0
2020-01-23 07:00:00,4540.0
2020-01-23 08:00:00,12331.0
2020-01-23 09:00:00,27280.0
2020-01-23 10:00:00,42804.0
2020-01-23 11:00:00,70022.0
2020-01-23 12:00:00,36496.0
2020-01-23 13:00:00,40285.0
2020-01-23 14:00:00,53660.0
2020-01-23 15:00:00,38065.0
2020-01-23 16:00:00,27922.0
2020-01-23 17:00:00,20750.0
2020-01-23 18:00:00,18226.0
2020-01-23 19:00:00,15738.0
2020-01-23 20:00:00,10311.0
2020-01-23 21:00:00,4085.0
2020-01-23 22:00:00,2290.0
2020-01-23 23:00:00,1650.0
2020-01-24 00:00:00,1452.0
2020-01-24 01:00:00,1550.0
2020-01-24 02:00:00,614.0
2020-01-24 03:00:00,480.0
2020-01-24 04:00:00,790.0
2020-01-24 05:00:00,1296.0
2020-01-24 06:00:00,1673.0
2020-01-24 07:00:00,3989.0
2020-01-24 08:00:00,10633.0
2020-01-24 09:00:00,28351.0
2020-01-24 10:00:00,45847.0
2020-01-24 11:00:00,50883.0
2020-01-24 12:00:00,16492.0
2020-01-24 13:00:00,13566.0
2020-01-24 14:00:00,14750.0
2020-01-24 15:00:00,12137.0
2020-01-24 16:00:00,10018.0
2020-01-24 17:00:00,8721.0
2020-01-24 18:00:00,7211.0
2020-01-24 19:00:00,4098.0
2020-01-24 20:00:00,2157.0
2020-01-24 21:00:00,1179.0
2020-01-24 22:00:00,957.0
2020-01-24 23:00:00,735.0
2020-01-25 00:00:00,273.0
2020-01-25 01:00:00,75.0
2020-01-25 02:00:00,193.0
2020-01-25 03:00:00,26.0
2020-01-25 04:00:00,53.0
2020-01-25 05:00:00,156.0
2020-01-25 06:00:00,98.0
2020-01-25 07:00:00,291.0
2020-01-25 08:00:00,292.0
2020-01-25 09:00:00,1020.0
2020-01-25 10:00:00,1155.0
2020-01-25 11:00:00,1348.0
2020-01-25 12:00:00,1484.0
2020-01-25 13:00:00,770.0
2020-01-25 14:00:00,1052.0
2020-01-25 15:00:00,990.0
2020-01-25 16:00:00,730.0
2020-01-25 17:00:00,1105.0
2020-01-25 18:00:00,983.0
2020-01-25 19:00:00,645.0
2020-01-25 20:00:00,1038.0
2020-01-25 21:00:00,1163.0
2020-01-25 22:00:00,78.0
2020-01-25 23:00:00,212.0
2020-01-26 00:00:00,40.0
2020-01-26 01:00:00,24.0
2020-01-26 02:00:00,22.0
2020-01-26 03:00:00,74.0
2020-01-26 04:00:00,26.0
2020-01-26 05:00:00,186.0
2020-01-26 06:00:00,42.0
2020-01-26 07:00:00,159.0
2020-01-26 08:00:00,38.0
2020-01-26 09:00:00,137.0
2020-01-26 10:00:00,283.0
2020-01-26 11:00:00,174.0
2020-01-26 12:00:00,279.0
2020-01-26 13:00:00,106.0
2020-01-26 14:00:00,281.0
2020-01-26 15:00:00,220.0
2020-01-26 16:00:00,247.0
2020-01-26 17:00:00,273.0
2020-01-26 18:00:00,312.0
2020-01-26 19:00:00,378.0
2020-01-26 20:00:00,391.0
2020-01-26 21:00:00,585.0
2020-01-26 22:00:00,1092.0
2020-01-26 23:00:00,591.0
2020-01-27 00:00:00,384.0
2020-01-27 01:00:00,54.0
2020-01-27 02:00:00,630.0
2020-01-27 03:00:00,104.0
2020-01-27 04:00:00,229.0
2020-01-27 05:00:00,604.0
2020-01-27 06:00:00,459.0
2020-01-27 07:00:00,1201.0
2020-01-27 08:00:00,4929.0
2020-01-27 09:00:00,10575.0
2020-01-27 10:00:00,19226.0
2020-01-27 11:00:00,22354.0
2020-01-27 12:00:00,12963.0
2020-01-27 13:00:00,18882.0
2020-01-27 14:00:00,18978.0
2020-01-27 15:00:00,14500.0
2020-01-27 16:00:00,12747.0
2020-01-27 17:00:00,8000.0
2020-01-27 18:00:00,5748.0
2020-01-27 19:00:00,3864.0
2020-01-27 20:00:00,2333.0
2020-01-27 21:00:00,1671.0
2020-01-27 22:00:00,1062.0
2020-01-27 23:00:00,730.0
2020-01-28 00:00:00,287.0
2020-01-28 01:00:00,586.0
2020-01-28 02:00:00,259.0
2020-01-28 03:00:00,100.0
2020-01-28 04:00:00,42.0
2020-01-28 05:00:00,416.0
2020-01-28 06:00:00,508.0
2020-01-28 07:00:00,3715.0
2020-01-28 08:00:00,11569.0
2020-01-28 09:00:00,32812.0
2020-01-28 10:00:00,57912.0
2020-01-28 11:00:00,57920.0
2020-01-28 12:00:00,36753.0
2020-01-28 13:00:00,36332.0
2020-01-28 14:00:00,67709.0
2020-01-28 15:00:00,53326.0
2020-01-28 16:00:00,28977.0
2020-01-28 17:00:00,21362.0
2020-01-28 18:00:00,13204.0
2020-01-28 19:00:00,7271.0
2020-01-28 20:00:00,5412.0
2020-01-28 21:00:00,3366.0
2020-01-28 22:00:00,2418.0
2020-01-28 23:00:00,1598.0
2020-01-29 00:00:00,751.0
2020-01-29 01:00:00,301.0
2020-01-29 02:00:00,400.0
2020-01-29 03:00:00,263.0
2020-01-29 04:00:00,640.0
2020-01-29 05:00:00,789.0
2020-01-29 06:00:00,902.0
2020-01-29 07:00:00,3080.0
2020-01-29 08:00:00,7548.0
2020-01-29 09:00:00,16324.0
2020-01-29 10:00:00,27762.0
2020-01-29 11:00:00,37382.0
2020-01-29 12:00:00,28917.0
2020-01-29 13:00:00,33851.0
2020-01-29 14:00:00,39130.0
2020-01-29 15:00:00,30129.0
2020-01-29 16:00:00,28605.0
2020-01-29 17:00:00,21211.0
2020-01-29 18:00:00,14628.0
2020-01-29 19:00:00,7809.0
2020-01-29 20:00:00,5129.0
2020-01-29 21:00:00,5841.0
2020-01-29 22:00:00,2739.0
2020-01-29 23:00:00,1168.0
2020-01-30 00:00:00,544.0
2020-01-30 01:00:00,651.0
2020-01-30 02:00:00,339.0
2020-01-30 03:00:00,232.0
2020-01-30 04:00:00,317.0
2020-01-30 05:00:00,815.0
2020-01-30 06:00:00,358.0
2020-01-30 07:00:00,1100.0
2020-01-30 08:00:00,3025.0
2020-01-30 09:00:00,6309.0
2020-01-30 10:00:00,11269.0
2020-01-30 11:00:00,12526.0
2020-01-30 12:00:00,9999.0
2020-01-30 13:00:00,10471.0
2020-01-30 14:00:00,13108.0
2020-01-30 15:00:00,9376.0
2020-01-30 16:00:00,8639.0
2020-01-30 17:00:00,5820.0
2020-01-30 18:00:00,3393.0
2020-01-30 19:00:00,8998.0
2020-01-30 20:00:00,5970.0
2020-01-30 21:00:00,4107.0
2020-01-30 22:00:00,3923.0
2020-01-30 23:00:00,2472.0
2020-01-31 00:00:00,1161.0
2020-01-31 01:00:00,645.0
2020-01-31 02:00:00,831.0
2020-01-31 03:00:00,556.0
2020-01-31 04:00:00,1427.0
2020-01-31 05:00:00,1051.0
2020-01-31 06:00:00,864.0
2020-01-31 07:00:00,4353.0
2020-01-31 08:00:00,10232.0
2020-01-31 09:00:00,21852.0
2020-01-31 10:00:00,37863.0
2020-01-31 11:00:00,36079.0
2020-01-31 12:00:00,24861.0
2020-01-31 13:00:00,28332.0
2020-01-31 14:00:00,32294.0
2020-01-31 15:00:00,23005.0
2020-01-31 16:00:00,21279.0
2020-01-31 17:00:00,13542.0
2020-01-31 18:00:00,9496.0
2020-01-31 19:00:00,6625.0
2020-01-31 20:00:00,3396.0
2020-01-31 21:00:00,1684.0
2020-01-31 22:00:00,559.0
2020-01-31 23:00:00,429.0
2020-02-01 00:00:00,286.0
2020-02-01 01:00:00,221.0
2020-02-01 02:00:00,236.0
2020-02-01 03:00:00,149.0
2020-02-01 04:00:00,56.0
2020-02-01 05:00:00,211.0
2020-02-01 06:00:00,259.0
2020-02-01 07:00:00,212.0
2020-02-01 08:00:00,237.0
2020-02-01 09:00:00,373.0
2020-02-01 10:00:00,544.0
2020-02-01 11:00:00,308.0
2020-02-01 12:00:00,539.0
2020-02-01 13:00:00,506.0
2020-02-01 14:00:00,364.0
2020-02-01 15:00:00,449.0
2020-02-01 16:00:00,505.0
2020-02-01 17:00:00,996.0
2020-02-01 18:00:00,795.0
2020-02-01 19:00:00,1231.0
2020-02-01 20:00:00,555.0
2020-02-01 21:00:00,980.0
2020-02-01 22:00:00,830.0
2020-02-01 23:00:00,592.0
2020-02-02 00:00:00,433.0
2020-02-02 01:00:00,298.0
2020-02-02 02:00:00,369.0
2020-02-02 03:00:00,83.0
2020-02-02 04:00:00,72.0
2020-02-02 05:00:00,393.0
2020-02-02 06:00:00,248.0
2020-02-02 07:00:00,158.0
2020-02-02 08:00:00,262.0
2020-02-02 09:00:00,169.0
2020-02-02 10:00:00,267.0
2020-02-02 11:00:00,371.0
2020-02-02 12:00:00,175.0
2020-02-02 13:00:00,343.0
2020-02-02 14:00:00,345.0
2020-02-02 15:00:00,264.0
2020-02-02 16:00:00,384.0
2020-02-02 17:00:00,373.0
2020-02-02 18:00:00,794.0
2020-02-02 19:00:00,394.0
2020-02-02 20:00:00,453.0
2020-02-02 21:00:00,519.0
2020-02-02 22:00:00,351.0
2020-02-02 23:00:00,226.0
2020-02-03 00:00:00,239.5
2020-02-03 01:00:00,430.0
2020-02-03 02:00:00,320.0
2020-02-03 03:00:00,61.0
2020-02-03 04:00:00,170.0
2020-02-03 05:00:00,410.0
2020-02-03 06:00:00,1715.0
2020-02-03 07:00:00,7151.0
2020-02-03 08:00:00,23007.0
2020-02-03 09:00:00,38202.0
2020-02-03 10:00:00,48400.0
2020-02-03 11:00:00,51732.0
2020-02-03 12:00:00,49840.0
2020-02-03 13:00:00,48296.0
2020-02-03 14:00:00,51504.0
2020-02-03 15:00:00,47353.0
2020-02-03 16:00:00,29297.0
2020-02-03 17:00:00,20724.0
2020-02-03 18:00:00,15797.0
2020-02-03 19:00:00,9279.0
2020-02-03 20:00:00,5940.0
2020-02-03 21:00:00,5182.0
2020-02-03 22:00:00,8270.0
2020-02-03 23:00:00,2491.0
2020-02-04 00:00:00,1271.0
2020-02-04 01:00:00,1365.0
2020-02-04 02:00:00,1124.0
2020-02-04 03:00:00,696.0
2020-02-04 04:00:00,744.0
2020-02-04 05:00:00,1413.0
2020-02-04 06:00:00,673.0
2020-02-04 07:00:00,1680.0
2020-02-04 08:00:00,4392.0
2020-02-04 09:00:00,7610.0
2020-02-04 10:00:00,9712.0
2020-02-04 11:00:00,12749.0
2020-02-04 12:00:00,10195.0
2020-02-04 13:00:00,27878.0
2020-02-04 14:00:00,9606.0
2020-02-04 15:00:00,7756.0
2020-02-04 16:00:00,13059.0
2020-02-04 17:00:00,35759.0
2020-02-04 18:00:00,21837.0
2020-02-04 19:00:00,8549.0
2020-02-04 20:00:00,5839.0
2020-02-04 21:00:00,4069.0
2020-02-04 22:00:00,3326.0
2020-02-04 23:00:00,2052.0
2020-02-05 00:00:00,1567.0
2020-02-05 01:00:00,1202.0
2020-02-05 02:00:00,970.0
2020-02-05 03:00:00,744.0
2020-02-05 04:00:00,1383.0
2020-02-05 05:00:00,1602.0
2020-02-05 06:00:00,1746.0
2020-02-05 07:00:00,3531.0
2020-02-05 08:00:00,8311.0
2020-02-05 09:00:00,16081.0
2020-02-05 10:00:00,22185.0
2020-02-05 11:00:00,24878.0
2020-02-05 12:00:00,20172.0
2020-02-05 13:00:00,25485.0
2020-02-05 14:00:00,26411.0
2020-02-05 15:00:00,19250.0
2020-02-05 16:00:00,16733.0
2020-02-05 17:00:00,12314.0
2020-02-05 18:00:00,9963.0
2020-02-05 19:00:00,6966.0
2020-02-05 20:00:00,3710.0
2020-02-05 21:00:00,3843.0
2020-02-05 22:00:00,2304.0
2020-02-05 23:00:00,1417.0
2020-02-06 00:00:00,805.0
2020-02-06 01:00:00,837.0
2020-02-06 02:00:00,592.0
2020-02-06 03:00:00,265.0
2020-02-06 04:00:00,459.0
2020-02-06 05:00:00,880.0
2020-02-06 06:00:00,759.0
2020-02-06 07:00:00,1487.0
2020-02-06 08:00:00,2774.0
2020-02-06 09:00:00,15006.0
2020-02-06 10:00:00,24557.0
2020-02-06 11:00:00,29829.0
2020-02-06 12:00:00,18428.0
2020-02-06 13:00:00,23289.0
2020-02-06 14:00:00,19632.0
2020-02-06 15:00:00,18010.0
2020-02-06 16:00:00,17511.0
2020-02-06 17:00:00,11610.0
2020-02-06 18:00:00,9278.0
2020-02-06 19:00:00,7340.0
2020-02-06 20:00:00,5159.0
2020-02-06 21:00:00,3923.0
2020-02-06 22:00:00,3278.0
2020-02-06 23:00:00,1712.0
2020-02-07 00:00:00,1145.0
2020-02-07 01:00:00,766.0
2020-02-07 02:00:00,624.0
2020-02-07 03:00:00,222.0
2020-02-07 04:00:00,550.0
2020-02-07 05:00:00,989.0
2020-02-07 06:00:00,237.0
2020-02-07 07:00:00,1108.0
2020-02-07 08:00:00,2775.0
2020-02-07 09:00:00,5266.0
2020-02-07 10:00:00,8440.0
2020-02-07 11:00:00,8609.0
2020-02-07 12:00:00,6354.0
2020-02-07 13:00:00,7740.0
2020-02-07 14:00:00,7164.0
2020-02-07 15:00:00,6417.0
2020-02-07 16:00:00,8930.0
2020-02-07 17:00:00,15459.0
2020-02-07 18:00:00,12116.0
2020-02-07 19:00:00,7107.0
2020-02-07 20:00:00,5652.0
2020-02-07 21:00:00,2546.0
2020-02-07 22:00:00,1845.0
2020-02-07 23:00:00,1453.0
2020-02-08 00:00:00,643.0
2020-02-08 01:00:00,613.0
2020-02-08 02:00:00,446.0
2020-02-08 03:00:00,393.0
2020-02-08 04:00:00,259.0
2020-02-08 05:00:00,352.0
2020-02-08 06:00:00,104.0
2020-02-08 07:00:00,330.0
2020-02-08 08:00:00,144.0
2020-02-08 09:00:00,268.3333333333333
2020-02-08 10:00:00,392.66666666666663
2020-02-08 11:00:00,517.0
2020-02-08 12:00:00,669.0
2020-02-08 13:00:00,1126.0
2020-02-08 14:00:00,869.0
2020-02-08 15:00:00,95.0
2020-02-08 16:00:00,108.0
2020-02-08 17:00:00,149.0
2020-02-08 18:00:00,162.0
2020-02-08 19:00:00,46.0
2020-02-08 20:00:00,94.0
2020-02-08 21:00:00,255.0
2020-02-08 22:00:00,132.0
2020-02-08 23:00:00,42.0
2020-02-09 00:00:00,54.0
2020-02-09 01:00:00,40.0
2020-02-09 02:00:00,38.0
2020-02-09 03:00:00,45.0
2020-02-09 04:00:00,36.0
2020-02-09 05:00:00,68.0
2020-02-09 06:00:00,64.0
2020-02-09 07:00:00,42.0
2020-02-09 08:00:00,69.0
2020-02-09 09:00:00,197.0
2020-02-09 10:00:00,146.0
2020-02-09 11:00:00,178.0
2020-02-09 12:00:00,120.0
2020-02-09 13:00:00,88.0
2020-02-09 14:00:00,280.0
2020-02-09 15:00:00,316.0
2020-02-09 16:00:00,156.0
2020-02-09 17:00:00,306.0
2020-02-09 18:00:00,263.0
2020-02-09 19:00:00,190.0
2020-02-09 20:00:00,213.0
2020-02-09 21:00:00,229.0
2020-02-09 22:00:00,158.0
2020-02-09 23:00:00,229.0
2020-02-10 00:00:00,148.0
2020-02-10 01:00:00,66.0
2020-02-10 02:00:00,40.0
2020-02-10 03:00:00,36.0
2020-02-10 04:00:00,63.0
2020-02-10 05:00:00,167.0
2020-02-10 06:00:00,267.0
2020-02-10 07:00:00,1666.0
2020-02-10 08:00:00,4383.0
2020-02-10 09:00:00,8880.0
2020-02-10 10:00:00,44896.0
2020-02-10 11:00:00,33526.0
2020-02-10 12:00:00,40144.0
2020-02-10 13:00:00,35229.0
2020-02-10 14:00:00,33390.0
2020-02-10 15:00:00,30389.0
2020-02-10 16:00:00,25612.0
2020-02-10 17:00:00,18694.0
2020-02-10 18:00:00,16204.0
2020-02-10 19:00:00,9789.0
2020-02-10 20:00:00,6629.0
2020-02-10 21:00:00,4251.0
2020-02-10 22:00:00,2469.0
2020-02-10 23:00:00,1479.0
2020-02-11 00:00:00,1330.0
2020-02-11 01:00:00,567.0
2020-02-11 02:00:00,408.0
2020-02-11 03:00:00,437.0
2020-02-11 04:00:00,315.0
2020-02-11 05:00:00,1113.0
2020-02-11 06:00:00,989.0
2020-02-11 07:00:00,3260.0
2020-02-11 08:00:00,9541.0
2020-02-11 09:00:00,28225.0
2020-02-11 10:00:00,40137.0
2020-02-11 11:00:00,45319.0
2020-02-11 12:00:00,31519.0
2020-02-11 13:00:00,30071.0
2020-02-11 14:00:00,32002.0
2020-02-11 15:00:00,26354.0
2020-02-11 16:00:00,21767.0
2020-02-11 17:00:00,16655.0
2020-02-11 18:00:00,12779.0
2020-02-11 19:00:00,6892.0
2020-02-11 20:00:00,4791.0
2020-02-11 21:00:00,3779.0
2020-02-11 22:00:00,2827.0
2020-02-11 23:00:00,1251.0
2020-02-12 00:00:00,601.0
2020-02-12 01:00:00,585.0
2020-02-12 02:00:00,412.0
2020-02-12 03:00:00,587.0
2020-02-12 04:00:00,569.0
2020-02-12 05:00:00,900.0
2020-02-12 06:00:00,965.0
2020-02-12 07:00:00,2969.0
2020-02-12 08:00:00,7874.0
2020-02-12 09:00:00,19646.0
2020-02-12 10:00:00,36499.0
2020-02-12 11:00:00,38630.0
2020-02-12 12:00:00,26616.0
2020-02-12 13:00:00,26379.0
2020-02-12 14:00:00,26420.0
2020-02-12 15:00:00,23984.0
2020-02-12 16:00:00,16922.0
2020-02-12 17:00:00,15365.0
2020-02-12 18:00:00,11737.0
2020-02-12 19:00:00,7619.0
2020-02-12 20:00:00,3689.0
2020-02-12 21:00:00,3209.0
2020-02-12 22:00:00,2145.0
2020-02-12 23:00:00,1127.0
2020-02-13 00:00:00,829.0
2020-02-13 01:00:00,596.0
2020-02-13 02:00:00,344.0
2020-02-13 03:00:00,290.0
2020-02-13 04:00:00,627.0
2020-02-13 05:00:00,705.0
2020-02-13 06:00:00,1651.0
2020-02-13 07:00:00,3400.0
2020-02-13 08:00:00,9702.0
2020-02-13 09:00:00,18802.0
2020-02-13 10:00:00,29829.0
2020-02-13 11:00:00,32888.0
2020-02-13 12:00:00,25512.0
2020-02-13 13:00:00,25872.0
2020-02-13 14:00:00,25746.0
2020-02-13 15:00:00,22013.0
2020-02-13 16:00:00,17386.0
2020-02-13 17:00:00,13501.0
2020-02-13 18:00:00,10306.0
2020-02-13 19:00:00,6886.0
2020-02-13 20:00:00,4488.0
2020-02-13 21:00:00,3426.0
2020-02-13 22:00:00,1783.0
2020-02-13 23:00:00,1204.0
2020-02-14 00:00:00,991.0
2020-02-14 01:00:00,373.0
2020-02-14 02:00:00,380.0
2020-02-14 03:00:00,246.0
2020-02-14 04:00:00,268.0
2020-02-14 05:00:00,810.0
2020-02-14 06:00:00,1169.0
2020-02-14 07:00:00,2828.0
2020-02-14 08:00:00,9048.0
2020-02-14 09:00:00,19159.0
2020-02-14 10:00:00,23952.0
2020-02-14 11:00:00,30483.0
2020-02-14 12:00:00,25359.0
2020-02-14 13:00:00,31436.0
2020-02-14 14:00:00,29697.0
2020-02-14 15:00:00,24345.0
2020-02-14 16:00:00,22036.0
2020-02-14 17:00:00,17355.0
2020-02-14 18:00:00,12523.0
2020-02-14 19:00:00,7186.0
2020-02-14 20:00:00,4457.0
2020-02-14 21:00:00,3422.0
2020-02-14 22:00:00,2097.0
2020-02-14 23:00:00,1154.0
2020-02-15 00:00:00,539.0
2020-02-15 01:00:00,298.0
2020-02-15 02:00:00,429.0
2020-02-15 03:00:00,201.0
2020-02-15 04:00:00,448.0
2020-02-15 05:00:00,574.0
2020-02-15 06:00:00,443.0
2020-02-15 07:00:00,335.0
2020-02-15 08:00:00,831.0
2020-02-15 09:00:00,1139.0
2020-02-15 10:00:00,854.0
2020-02-15 11:00:00,810.0
2020-02-15 12:00:00,819.0
2020-02-15 13:00:00,960.0
2020-02-15 14:00:00,929.0
2020-02-15 15:00:00,702.0
2020-02-15 16:00:00,775.0
2020-02-15 17:00:00,700.0
2020-02-15 18:00:00,1191.0
2020-02-15 19:00:00,866.0
2020-02-15 20:00:00,486.0
2020-02-15 21:00:00,440.0
2020-02-15 22:00:00,645.0
2020-02-15 23:00:00,346.0
2020-02-16 00:00:00,217.0
2020-02-16 01:00:00,55.0
2020-02-16 02:00:00,283.0
2020-02-16 03:00:00,88.0
2020-02-16 04:00:00,101.0
2020-02-16 05:00:00,171.0
2020-02-16 06:00:00,88.0
2020-02-16 07:00:00,348.0
2020-02-16 08:00:00,897.0
2020-02-16 09:00:00,776.0
2020-02-16 10:00:00,981.0
2020-02-16 11:00:00,904.0
2020-02-16 12:00:00,1223.0
2020-02-16 13:00:00,1037.0
2020-02-16 14:00:00,992.0
2020-02-16 15:00:00,909.0
2020-02-16 16:00:00,1527.0
2020-02-16 17:00:00,1137.0
2020-02-16 18:00:00,1292.0
2020-02-16 19:00:00,1447.0
2020-02-16 20:00:00,1602.0
2020-02-16 21:00:00,1757.0
2020-02-16 22:00:00,1912.0
2020-02-16 23:00:00,2067.0
2020-02-17 00:00:00,2222.0
2020-02-17 01:00:00,2377.0
2020-02-17 02:00:00,2532.0
2020-02-17 03:00:00,2687.0
2020-02-17 04:00:00,2842.0
2020-02-17 05:00:00,2997.0
2020-02-17 06:00:00,3152.0
2020-02-17 07:00:00,3307.0
2020-02-17 08:00:00,3462.0
2020-02-17 09:00:00,3617.0
2020-02-17 10:00:00,13520.0
2020-02-17 11:00:00,15044.0
2020-02-17 12:00:00,10907.0
2020-02-17 13:00:00,11561.0
2020-02-17 14:00:00,16620.0
2020-02-17 15:00:00,12419.0
2020-02-17 16:00:00,7707.0
2020-02-17 17:00:00,6606.0
2020-02-17 18:00:00,4874.0
2020-02-17 19:00:00,3115.0
2020-02-17 20:00:00,1668.0
2020-02-17 21:00:00,819.0
2020-02-17 22:00:00,3152.0
2020-02-17 23:00:00,1982.0
2020-02-18 00:00:00,708.0
2020-02-18 01:00:00,561.0
2020-02-18 02:00:00,345.0
2020-02-18 03:00:00,247.0
2020-02-18 04:00:00,366.0
2020-02-18 05:00:00,478.0
2020-02-18 06:00:00,997.0
2020-02-18 07:00:00,3778.0
2020-02-18 08:00:00,10252.0
2020-02-18 09:00:00,18227.0
2020-02-18 10:00:00,32822.0
2020-02-18 11:00:00,43705.0
2020-02-18 12:00:00,27778.0
2020-02-18 13:00:00,30905.0
2020-02-18 14:00:00,31418.0
2020-02-18 15:00:00,25820.0
2020-02-18 16:00:00,24414.0
2020-02-18 17:00:00,19752.0
2020-02-18 18:00:00,15151.0
2020-02-18 19:00:00,9358.0
2020-02-18 20:00:00,7094.0
2020-02-18 21:00:00,4557.0
2020-02-18 22:00:00,3323.0
2020-02-18 23:00:00,1479.0
2020-02-19 00:00:00,910.0
2020-02-19 01:00:00,607.0
2020-02-19 02:00:00,402.0
2020-02-19 03:00:00,370.0
2020-02-19 04:00:00,436.0
2020-02-19 05:00:00,446.0
2020-02-19 06:00:00,1358.0
2020-02-19 07:00:00,3053.0
2020-02-19 08:00:00,8466.0
2020-02-19 09:00:00,18943.0
2020-02-19 10:00:00,27345.0
2020-02-19 11:00:00,30707.0
2020-02-19 12:00:00,24932.0
2020-02-19 13:00:00,26665.0
2020-02-19 14:00:00,32337.0
2020-02-19 15:00:00,25782.0
2020-02-19 16:00:00,23083.0
2020-02-19 17:00:00,18466.0
2020-02-19 18:00:00,14514.0
2020-02-19 19:00:00,8659.0
2020-02-19 20:00:00,4547.0
2020-02-19 21:00:00,3565.0
2020-02-19 22:00:00,2925.0
2020-02-19 23:00:00,971.0
2020-02-20 00:00:00,840.0
2020-02-20 01:00:00,437.0
2020-02-20 02:00:00,562.0
2020-02-20 03:00:00,169.0
2020-02-20 04:00:00,283.0
2020-02-20 05:00:00,659.0
2020-02-20 06:00:00,1954.0
2020-02-20 07:00:00,3579.0
2020-02-20 08:00:00,8477.0
2020-02-20 09:00:00,17352.0
2020-02-20 10:00:00,25799.0
2020-02-20 11:00:00,28764.0
2020-02-20 12:00:00,23460.0
2020-02-20 13:00:00,26226.0
2020-02-20 14:00:00,32851.0
2020-02-20 15:00:00,22919.0
2020-02-20 16:00:00,20978.0
2020-02-20 17:00:00,17519.0
2020-02-20 18:00:00,15122.0
2020-02-20 19:00:00,8464.0
2020-02-20 20:00:00,4365.0
2020-02-20 21:00:00,3121.0
2020-02-20 22:00:00,3057.0
2020-02-20 23:00:00,1086.0
2020-02-21 00:00:00,984.0
2020-02-21 01:00:00,488.0
2020-02-21 02:00:00,630.0
2020-02-21 03:00:00,349.0
2020-02-21 04:00:00,239.0
2020-02-21 05:00:00,742.0
2020-02-21 06:00:00,727.0
2020-02-21 07:00:00,1954.0
2020-02-21 08:00:00,5123.0
2020-02-21 09:00:00,10251.0
2020-02-21 10:00:00,17411.0
2020-02-21 11:00:00,22033.0
2020-02-21 12:00:00,14882.0
2020-02-21 13:00:00,19052.0
2020-02-21 14:00:00,19697.0
2020-02-21 15:00:00,13278.0
2020-02-21 16:00:00,12998.0
2020-02-21 17:00:00,9789.0
2020-02-21 18:00:00,7537.0
2020-02-21 19:00:00,4938.0
2020-02-21 20:00:00,2958.0
2020-02-21 21:00:00,1893.0
2020-02-21 22:00:00,1479.0
2020-02-21 23:00:00,1167.0
2020-02-22 00:00:00,434.0
2020-02-22 01:00:00,351.0
2020-02-22 02:00:00,367.0
2020-02-22 03:00:00,306.0
2020-02-22 04:00:00,178.0
2020-02-22 05:00:00,476.0
2020-02-22 06:00:00,293.0
2020-02-22 07:00:00,244.0
2020-02-22 08:00:00,333.0
2020-02-22 09:00:00,1025.0
2020-02-22 10:00:00,932.0
2020-02-22 11:00:00,1349.0
2020-02-22 12:00:00,910.0
2020-02-22 13:00:00,1084.0
2020-02-22 14:00:00,1620.0
2020-02-22 15:00:00,494.0
2020-02-22 16:00:00,435.0
2020-02-22 17:00:00,545.0
2020-02-22 18:00:00,1017.0
2020-02-22 19:00:00,922.0
2020-02-22 20:00:00,587.0
2020-02-22 21:00:00,499.0
2020-02-22 22:00:00,926.0
2020-02-22 23:00:00,319.0
2020-02-23 00:00:00,163.0
2020-02-23 01:00:00,78.0
2020-02-23 02:00:00,193.0
2020-02-23 03:00:00,221.0
2020-02-23 04:00:00,99.0
2020-02-23 05:00:00,226.0
2020-02-23 06:00:00,295.0
2020-02-23 07:00:00,699.0
2020-02-23 08:00:00,712.0
2020-02-23 09:00:00,819.0
2020-02-23 10:00:00,719.0
2020-02-23 11:00:00,745.0
2020-02-23 12:00:00,1392.0
2020-02-23 13:00:00,1136.0
2020-02-23 14:00:00,761.0
2020-02-23 15:00:00,700.0
2020-02-23 16:00:00,1331.0
2020-02-23 17:00:00,922.0
2020-02-23 18:00:00,1266.0
2020-02-23 19:00:00,910.0
2020-02-23 20:00:00,660.0
2020-02-23 21:00:00,932.0
2020-02-23 22:00:00,1184.0
2020-02-23 23:00:00,642.0
2020-02-24 00:00:00,483.5
2020-02-24 01:00:00,263.0
2020-02-24 02:00:00,311.0
2020-02-24 03:00:00,46.0
2020-02-24 04:00:00,218.0
2020-02-24 05:00:00,272.0
2020-02-24 06:00:00,810.0
2020-02-24 07:00:00,3635.0
2020-02-24 08:00:00,12011.0
2020-02-24 09:00:00,22820.0
2020-02-24 10:00:00,57992.0
2020-02-24 11:00:00,67896.0
2020-02-24 12:00:00,50516.0
2020-02-24 13:00:00,70855.0
2020-02-24 14:00:00,32219.0
2020-02-24 15:00:00,28958.0
2020-02-24 16:00:00,22753.0
2020-02-24 17:00:00,21861.0
2020-02-24 18:00:00,15405.0
2020-02-24 19:00:00,8610.0
2020-02-24 20:00:00,4654.0
2020-02-24 21:00:00,2965.0
2020-02-24 22:00:00,2500.0
2020-02-24 23:00:00,1429.0
2020-02-25 00:00:00,827.0
2020-02-25 01:00:00,769.0
2020-02-25 02:00:00,449.0
2020-02-25 03:00:00,518.0
2020-02-25 04:00:00,527.0
2020-02-25 05:00:00,579.0
2020-02-25 06:00:00,1383.0
2020-02-25 07:00:00,3374.0
2020-02-25 08:00:00,8042.0
2020-02-25 09:00:00,16211.0
2020-02-25 10:00:00,37402.0
2020-02-25 11:00:00,38482.0
2020-02-25 12:00:00,27775.0
2020-02-25 13:00:00,30354.0
2020-02-25 14:00:00,33301.0
2020-02-25 15:00:00,29821.0
2020-02-25 16:00:00,21450.0
2020-02-25 17:00:00,18107.0
2020-02-25 18:00:00,14117.0
2020-02-25 19:00:00,7047.0
2020-02-25 20:00:00,4697.0
2020-02-25 21:00:00,4657.0
2020-02-25 22:00:00,2346.0
2020-02-25 23:00:00,1918.0
2020-02-26 00:00:00,1420.0
2020-02-26 01:00:00,1072.0
2020-02-26 02:00:00,447.0
2020-02-26 03:00:00,299.0
2020-02-26 04:00:00,275.0
2020-02-26 05:00:00,843.0
2020-02-26 06:00:00,1320.0
2020-02-26 07:00:00,2677.0
2020-02-26 08:00:00,8602.0
2020-02-26 09:00:00,19828.0
2020-02-26 10:00:00,29828.0
2020-02-26 11:00:00,32634.0
2020-02-26 12:00:00,21054.0
2020-02-26 13:00:00,21289.0
2020-02-26 14:00:00,27067.0
2020-02-26 15:00:00,22118.0
2020-02-26 16:00:00,17929.0
2020-02-26 17:00:00,14372.0
2020-02-26 18:00:00,12809.0
2020-02-26 19:00:00,6597.0
2020-02-26 20:00:00,3383.0
2020-02-26 21:00:00,3237.0
2020-02-26 22:00:00,2370.0
2020-02-26 23:00:00,1634.0
2020-02-27 00:00:00,622.0
2020-02-27 01:00:00,344.0
2020-02-27 02:00:00,305.0
2020-02-27 03:00:00,566.0
2020-02-27 04:00:00,934.0
2020-02-27 05:00:00,471.0
2020-02-27 06:00:00,2085.0
2020-02-27 07:00:00,3176.0
2020-02-27 08:00:00,9496.0
2020-02-27 09:00:00,15793.0
2020-02-27 10:00:00,23453.0
2020-02-27 11:00:00,28046.0
2020-02-27 12:00:00,19671.0
2020-02-27 13:00:00,20400.0
2020-02-27 14:00:00,22142.0
2020-02-27 15:00:00,19728.0
2020-02-27 16:00:00,18746.0
2020-02-27 17:00:00,13177.0
2020-02-27 18:00:00,8943.0
2020-02-27 19:00:00,6717.0
2020-02-27 20:00:00,3900.0
2020-02-27 21:00:00,3520.0
2020-02-27 22:00:00,2697.0
2020-02-27 23:00:00,1807.0
2020-02-28 00:00:00,934.0
2020-02-28 01:00:00,321.0
2020-02-28 02:00:00,293.0
2020-02-28 03:00:00,487.0
2020-02-28 04:00:00,418.0
2020-02-28 05:00:00,841.0
2020-02-28 06:00:00,789.0
2020-02-28 07:00:00,2454.0
2020-02-28 08:00:00,6578.0
2020-02-28 09:00:00,13957.0
2020-02-28 10:00:00,28640.0
2020-02-28 11:00:00,28914.0
2020-02-28 12:00:00,18235.0
2020-02-28 13:00:00,22019.0
2020-02-28 14:00:00,25837.0
2020-02-28 15:00:00,19344.0
2020-02-28 16:00:00,13155.0
2020-02-28 17:00:00,6743.0
2020-02-28 18:00:00,5474.0
2020-02-28 19:00:00,3411.0
2020-02-28 20:00:00,2833.0
2020-02-28 21:00:00,1755.0
2020-02-28 22:00:00,1400.0
2020-02-28 23:00:00,483.0
2020-02-29 00:00:00,719.0
2020-02-29 01:00:00,266.0
2020-02-29 02:00:00,218.0
2020-02-29 03:00:00,127.0
2020-02-29 04:00:00,184.0
2020-02-29 05:00:00,190.0
2020-02-29 06:00:00,216.0
2020-02-29 07:00:00,316.0
2020-02-29 08:00:00,369.0
2020-02-29 09:00:00,387.0
2020-02-29 10:00:00,412.0
2020-02-29 11:00:00,692.0
2020-02-29 12:00:00,681.0
2020-02-29 13:00:00,355.0
2020-02-29 14:00:00,505.0
2020-02-29 15:00:00,444.0
2020-02-29 16:00:00,353.0
2020-02-29 17:00:00,324.0
2020-02-29 18:00:00,181.0
2020-02-29 19:00:00,482.0
2020-02-29 20:00:00,323.0
2020-02-29 21:00:00,259.0
2020-02-29 22:00:00,228.0
2020-02-29 23:00:00,510.0
2020-03-01 00:00:00,392.0
2020-03-01 01:00:00,271.0
2020-03-01 02:00:00,100.0
2020-03-01 03:00:00,59.0
2020-03-01 04:00:00,221.0
2020-03-01 05:00:00,525.0
2020-03-01 06:00:00,359.0
2020-03-01 07:00:00,334.0
2020-03-01 08:00:00,454.0
2020-03-01 09:00:00,350.0
2020-03-01 10:00:00,641.0
2020-03-01 11:00:00,556.0
2020-03-01 12:00:00,428.0
2020-03-01 13:00:00,639.0
2020-03-01 14:00:00,484.0
2020-03-01 15:00:00,1064.0
2020-03-01 16:00:00,713.0
2020-03-01 17:00:00,698.0
2020-03-01 18:00:00,838.0
2020-03-01 19:00:00,949.0
2020-03-01 20:00:00,1390.0
2020-03-01 21:00:00,1437.0
2020-03-01 22:00:00,1459.0
2020-03-01 23:00:00,903.0
2020-03-02 00:00:00,562.0
2020-03-02 01:00:00,327.0
2020-03-02 02:00:00,333.0
2020-03-02 03:00:00,313.0
2020-03-02 04:00:00,194.0
2020-03-02 05:00:00,959.0
2020-03-02 06:00:00,1609.0
2020-03-02 07:00:00,4020.0
2020-03-02 08:00:00,12791.0
2020-03-02 09:00:00,24153.0
2020-03-02 10:00:00,32920.0
2020-03-02 11:00:00,35493.0
2020-03-02 12:00:00,26225.0
2020-03-02 13:00:00,31551.0
2020-03-02 14:00:00,27741.0
2020-03-02 15:00:00,22277.0
2020-03-02 16:00:00,19281.0
2020-03-02 17:00:00,16745.0
2020-03-02 18:00:00,13408.0
2020-03-02 19:00:00,9460.0
2020-03-02 20:00:00,5719.0
2020-03-02 21:00:00,4035.0
2020-03-02 22:00:00,2763.0
2020-03-02 23:00:00,1446.0
2020-03-03 00:00:00,1338.0
2020-03-03 01:00:00,1247.0
2020-03-03 02:00:00,796.0
2020-03-03 03:00:00,507.0
2020-03-03 04:00:00,798.0
2020-03-03 05:00:00,1021.0
2020-03-03 06:00:00,1212.0
2020-03-03 07:00:00,2866.0
2020-03-03 08:00:00,8019.0
2020-03-03 09:00:00,16602.0
2020-03-03 10:00:00,24021.0
2020-03-03 11:00:00,28298.0
2020-03-03 12:00:00,22922.0
2020-03-03 13:00:00,22627.0
2020-03-03 14:00:00,26202.0
2020-03-03 15:00:00,20187.0
2020-03-03 16:00:00,17155.0
2020-03-03 17:00:00,14517.0
2020-03-03 18:00:00,12880.0
2020-03-03 19:00:00,7779.0
2020-03-03 20:00:00,5107.0
2020-03-03 21:00:00,4264.0
2020-03-03 22:00:00,3695.0
2020-03-03 23:00:00,2087.0
2020-03-04 00:00:00,1900.0
2020-03-04 01:00:00,1950.0
2020-03-04 02:00:00,1189.0
2020-03-04 03:00:00,1063.0
2020-03-04 04:00:00,1318.0
2020-03-04 05:00:00,1638.0
2020-03-04 06:00:00,1646.0
2020-03-04 07:00:00,3210.0
2020-03-04 08:00:00,9312.0
2020-03-04 09:00:00,15894.0
2020-03-04 10:00:00,22895.0
2020-03-04 11:00:00,22906.0
2020-03-04 12:00:00,20606.0
2020-03-04 13:00:00,23943.0
2020-03-04 14:00:00,28616.0
2020-03-04 15:00:00,22372.0
2020-03-04 16:00:00,37140.0
2020-03-04 17:00:00,66415.0
2020-03-04 18:00:00,39952.0
2020-03-04 19:00:00,7832.0
2020-03-04 20:00:00,5219.0
2020-03-04 21:00:00,5143.0
2020-03-04 22:00:00,2628.0
2020-03-04 23:00:00,2492.0
2020-03-05 00:00:00,1531.0
2020-03-05 01:00:00,1750.0
2020-03-05 02:00:00,1793.0
2020-03-05 03:00:00,623.0
2020-03-05 04:00:00,1005.0
2020-03-05 05:00:00,1346.0
2020-03-05 06:00:00,1505.0
2020-03-05 07:00:00,3387.0
2020-03-05 08:00:00,11017.0
2020-03-05 09:00:00,18754.0
2020-03-05 10:00:00,25961.0
2020-03-05 11:00:00,32046.0
2020-03-05 12:00:00,21991.0
2020-03-05 13:00:00,24291.0
2020-03-05 14:00:00,26601.0
2020-03-05 15:00:00,19471.0
2020-03-05 16:00:00,18871.0
2020-03-05 17:00:00,14356.0
2020-03-05 18:00:00,11855.0
2020-03-05 19:00:00,7413.0
2020-03-05 20:00:00,6386.0
2020-03-05 21:00:00,4133.0
2020-03-05 22:00:00,3677.0
2020-03-05 23:00:00,2164.0
2020-03-06 00:00:00,1421.0
2020-03-06 01:00:00,581.0
2020-03-06 02:00:00,738.0
2020-03-06 03:00:00,646.0
2020-03-06 04:00:00,529.0
2020-03-06 05:00:00,1289.0
2020-03-06 06:00:00,1816.0
2020-03-06 07:00:00,4848.0
2020-03-06 08:00:00,10872.0
2020-03-06 09:00:00,17948.0
2020-03-06 10:00:00,32237.0
2020-03-06 11:00:00,35087.0
2020-03-06 12:00:00,22894.0
2020-03-06 13:00:00,32960.0
2020-03-06 14:00:00,37812.0
2020-03-06 15:00:00,31160.0
2020-03-06 16:00:00,27808.0
2020-03-06 17:00:00,20335.0
2020-03-06 18:00:00,14611.0
2020-03-06 19:00:00,10459.0
2020-03-06 20:00:00,5589.0
2020-03-06 21:00:00,4760.0
2020-03-06 22:00:00,2978.0
2020-03-06 23:00:00,1892.0
2020-03-07 00:00:00,1872.0
2020-03-07 01:00:00,1347.0
2020-03-07 02:00:00,1126.0
2020-03-07 03:00:00,806.0
2020-03-07 04:00:00,594.0
2020-03-07 05:00:00,683.0
2020-03-07 06:00:00,955.0
2020-03-07 07:00:00,988.0
2020-03-07 08:00:00,1547.0
2020-03-07 09:00:00,1549.0
2020-03-07 10:00:00,1502.0
2020-03-07 11:00:00,1593.0
2020-03-07 12:00:00,1861.0
2020-03-07 13:00:00,1307.0
2020-03-07 14:00:00,1163.0
2020-03-07 15:00:00,1237.0
2020-03-07 16:00:00,1245.0
2020-03-07 17:00:00,885.0
2020-03-07 18:00:00,1095.0
2020-03-07 19:00:00,661.0
2020-03-07 20:00:00,720.0
2020-03-07 21:00:00,713.0
2020-03-07 22:00:00,502.0
2020-03-07 23:00:00,824.0
2020-03-08 00:00:00,556.0
2020-03-08 01:00:00,447.0
2020-03-08 02:00:00,147.0
2020-03-08 03:00:00,200.0
2020-03-08 04:00:00,251.0
2020-03-08 05:00:00,407.0
2020-03-08 06:00:00,294.0
2020-03-08 07:00:00,306.0
2020-03-08 08:00:00,497.0
2020-03-08 09:00:00,929.0
2020-03-08 10:00:00,725.0
2020-03-08 11:00:00,782.0
2020-03-08 12:00:00,354.0
2020-03-08 13:00:00,803.0
2020-03-08 14:00:00,1135.0
2020-03-08 15:00:00,701.0
2020-03-08 16:00:00,1607.0
2020-03-08 17:00:00,1478.0
2020-03-08 18:00:00,790.0
2020-03-08 19:00:00,1171.0
2020-03-08 20:00:00,1600.0
2020-03-08 21:00:00,2097.0
2020-03-08 22:00:00,1560.0
2020-03-08 23:00:00,479.0
2020-03-09 00:00:00,623.5
2020-03-09 01:00:00,426.0
2020-03-09 02:00:00,166.0
2020-03-09 03:00:00,362.0
2020-03-09 04:00:00,336.0
2020-03-09 05:00:00,1110.0
2020-03-09 06:00:00,2074.0
2020-03-09 07:00:00,4372.0
2020-03-09 08:00:00,14993.0
2020-03-09 09:00:00,29169.0
2020-03-09 10:00:00,44151.0
2020-03-09 11:00:00,58747.0
2020-03-09 12:00:00,40942.0
2020-03-09 13:00:00,35389.0
2020-03-09 14:00:00,32188.0
2020-03-09 15:00:00,26018.0
2020-03-09 16:00:00,27765.0
2020-03-09 17:00:00,20000.0
2020-03-09 18:00:00,13956.0
2020-03-09 19:00:00,8746.0
2020-03-09 20:00:00,5319.0
2020-03-09 21:00:00,3187.0
2020-03-09 22:00:00,2949.0
2020-03-09 23:00:00,1483.0
2020-03-10 00:00:00,1068.0
2020-03-10 01:00:00,447.0
2020-03-10 02:00:00,586.0
2020-03-10 03:00:00,469.0
2020-03-10 04:00:00,335.0
2020-03-10 05:00:00,1025.0
2020-03-10 06:00:00,993.0
2020-03-10 07:00:00,2598.0
2020-03-10 08:00:00,6496.0
2020-03-10 09:00:00,9988.0
2020-03-10 10:00:00,15011.0
2020-03-10 11:00:00,15342.0
2020-03-10 12:00:00,12343.0
2020-03-10 13:00:00,12062.0
2020-03-10 14:00:00,12934.0
2020-03-10 15:00:00,10550.0
2020-03-10 16:00:00,8496.0
2020-03-10 17:00:00,6816.0
2020-03-10 18:00:00,5233.0
2020-03-10 19:00:00,3874.0
2020-03-10 20:00:00,3035.0
2020-03-10 21:00:00,2517.0
2020-03-10 22:00:00,1407.0
2020-03-10 23:00:00,907.0
2020-03-11 00:00:00,773.0
2020-03-11 01:00:00,565.0
2020-03-11 02:00:00,416.0
2020-03-11 03:00:00,249.0
2020-03-11 04:00:00,321.0
2020-03-11 05:00:00,874.0
2020-03-11 06:00:00,1418.0
2020-03-11 07:00:00,3660.0
2020-03-11 08:00:00,10616.0
2020-03-11 09:00:00,19776.0
2020-03-11 10:00:00,31721.0
2020-03-11 11:00:00,37448.0
2020-03-11 12:00:00,25994.0
2020-03-11 13:00:00,30821.0
2020-03-11 14:00:00,27548.0
2020-03-11 15:00:00,22621.0
2020-03-11 16:00:00,25974.0
2020-03-11 17:00:00,21216.0
2020-03-11 18:00:00,14491.0
2020-03-11 19:00:00,8051.0
2020-03-11 20:00:00,4708.0
2020-03-11 21:00:00,3911.0
2020-03-11 22:00:00,2939.0
2020-03-11 23:00:00,1709.0
2020-03-12 00:00:00,965.0
2020-03-12 01:00:00,519.0
2020-03-12 02:00:00,987.0
2020-03-12 03:00:00,421.0
2020-03-12 04:00:00,308.0
2020-03-12 05:00:00,910.0
2020-03-12 06:00:00,1143.0
2020-03-12 07:00:00,2856.0
2020-03-12 08:00:00,1442.0
2020-03-12 09:00:00,21351.0
2020-03-12 10:00:00,36031.0
2020-03-12 11:00:00,39335.0
2020-03-12 12:00:00,43397.0
2020-03-12 13:00:00,45140.0
2020-03-12 14:00:00,31253.0
2020-03-12 15:00:00,30973.0
2020-03-12 16:00:00,27127.0
2020-03-12 17:00:00,21572.0
2020-03-12 18:00:00,18339.0
2020-03-12 19:00:00,11321.0
2020-03-12 20:00:00,6233.0
2020-03-12 21:00:00,4484.0
2020-03-12 22:00:00,3004.0
2020-03-12 23:00:00,2051.0
2020-03-13 00:00:00,917.0
2020-03-13 01:00:00,652.0
2020-03-13 02:00:00,425.0
2020-03-13 03:00:00,335.0
2020-03-13 04:00:00,379.0
2020-03-13 05:00:00,461.0
2020-03-13 06:00:00,1706.0
2020-03-13 07:00:00,4740.0
2020-03-13 08:00:00,12057.0
2020-03-13 09:00:00,23898.0
2020-03-13 10:00:00,39638.0
2020-03-13 11:00:00,38801.0
2020-03-13 12:00:00,28938.0
2020-03-13 13:00:00,29822.0
2020-03-13 14:00:00,31237.0
2020-03-13 15:00:00,30014.0
2020-03-13 16:00:00,25873.0
2020-03-13 17:00:00,19518.0
2020-03-13 18:00:00,16028.0
2020-03-13 19:00:00,11390.0
2020-03-13 20:00:00,6576.0
2020-03-13 21:00:00,4686.0
2020-03-13 22:00:00,2770.0
2020-03-13 23:00:00,1335.0
2020-03-14 00:00:00,679.0
2020-03-14 01:00:00,622.0
2020-03-14 02:00:00,424.0
2020-03-14 03:00:00,444.0
2020-03-14 04:00:00,348.0
2020-03-14 05:00:00,463.0
2020-03-14 06:00:00,494.0
2020-03-14 07:00:00,710.0
2020-03-14 08:00:00,1161.0
2020-03-14 09:00:00,1393.0
2020-03-14 10:00:00,1363.0
2020-03-14 11:00:00,1824.0
2020-03-14 12:00:00,1357.0
2020-03-14 13:00:00,1483.0
2020-03-14 14:00:00,1333.0
2020-03-14 15:00:00,1561.0
2020-03-14 16:00:00,1085.0
2020-03-14 17:00:00,1569.0
2020-03-14 18:00:00,1012.0
2020-03-14 19:00:00,590.0
2020-03-14 20:00:00,733.0
2020-03-14 21:00:00,669.0
2020-03-14 22:00:00,729.0
2020-03-14 23:00:00,369.0
2020-03-15 00:00:00,261.0
2020-03-15 01:00:00,289.0
2020-03-15 02:00:00,201.0
2020-03-15 03:00:00,102.0
2020-03-15 04:00:00,154.0
2020-03-15 05:00:00,129.0
2020-03-15 06:00:00,171.0
2020-03-15 07:00:00,712.0
2020-03-15 08:00:00,601.0
2020-03-15 09:00:00,1314.0
2020-03-15 10:00:00,810.0
2020-03-15 11:00:00,964.0
2020-03-15 12:00:00,1042.0
2020-03-15 13:00:00,1344.0
2020-03-15 14:00:00,1587.0
2020-03-15 15:00:00,1718.0
2020-03-15 16:00:00,1613.0
2020-03-15 17:00:00,1131.0
2020-03-15 18:00:00,1341.0
2020-03-15 19:00:00,841.0
2020-03-15 20:00:00,881.3529411764706
2020-03-15 21:00:00,921.7058823529412
2020-03-15 22:00:00,962.0588235294117
2020-03-15 23:00:00,1002.4117647058823
2020-03-16 00:00:00,1042.764705882353
2020-03-16 01:00:00,1083.1176470588234
2020-03-16 02:00:00,1123.4705882352941
2020-03-16 03:00:00,1163.8235294117646
2020-03-16 04:00:00,1204.1764705882354
2020-03-16 05:00:00,1244.5294117647059
2020-03-16 06:00:00,1284.8823529411766
2020-03-16 07:00:00,1325.235294117647
2020-03-16 08:00:00,1365.5882352941176
2020-03-16 09:00:00,1405.9411764705883
2020-03-16 10:00:00,1446.2941176470588
2020-03-16 11:00:00,1486.6470588235293
2020-03-16 12:00:00,1527.0
2020-03-16 13:00:00,1567.3529411764707
2020-03-16 14:00:00,1607.705882352941
2020-03-16 15:00:00,1648.0588235294117
2020-03-16 16:00:00,1688.4117647058824
2020-03-16 17:00:00,1728.764705882353
2020-03-16 18:00:00,1769.1176470588234
2020-03-16 19:00:00,1809.4705882352941
2020-03-16 20:00:00,1849.8235294117646
2020-03-16 21:00:00,1890.1764705882354
2020-03-16 22:00:00,1930.5294117647059
2020-03-16 23:00:00,1970.8823529411764
2020-03-17 00:00:00,2011.235294117647
2020-03-17 01:00:00,2051.5882352941176
2020-03-17 02:00:00,2091.9411764705883
2020-03-17 03:00:00,2132.2941176470586
2020-03-17 04:00:00,2172.6470588235293
2020-03-17 05:00:00,2213.0
2020-03-17 06:00:00,2253.3529411764703
2020-03-17 07:00:00,2293.7058823529414
2020-03-17 08:00:00,2334.0588235294117
2020-03-17 09:00:00,2374.411764705882
2020-03-17 10:00:00,2414.764705882353
2020-03-17 11:00:00,2455.1176470588234
2020-03-17 12:00:00,2495.470588235294
2020-03-17 13:00:00,2535.823529411765
2020-03-17 14:00:00,2576.176470588235
2020-03-17 15:00:00,2616.529411764706
2020-03-17 16:00:00,2656.8823529411766
2020-03-17 17:00:00,2697.235294117647
2020-03-17 18:00:00,2737.5882352941176
2020-03-17 19:00:00,2777.9411764705883
2020-03-17 20:00:00,2818.2941176470586
2020-03-17 21:00:00,2858.6470588235293
2020-03-17 22:00:00,2899.0
2020-03-17 23:00:00,987.0
2020-03-18 00:00:00,1357.0
2020-03-18 01:00:00,543.0
2020-03-18 02:00:00,415.0
2020-03-18 03:00:00,204.0
2020-03-18 04:00:00,269.0
2020-03-18 05:00:00,534.0
2020-03-18 06:00:00,859.0
2020-03-18 07:00:00,3420.0
2020-03-18 08:00:00,10742.0
2020-03-18 09:00:00,19445.0
2020-03-18 10:00:00,26798.0
2020-03-18 11:00:00,39088.0
2020-03-18 12:00:00,31234.0
2020-03-18 13:00:00,25503.0
2020-03-18 14:00:00,23253.0
2020-03-18 15:00:00,22987.0
2020-03-18 16:00:00,19517.0
2020-03-18 17:00:00,15856.0
2020-03-18 18:00:00,19193.0
2020-03-18 19:00:00,20977.0
2020-03-18 20:00:00,9378.0
2020-03-18 21:00:00,4778.0
2020-03-18 22:00:00,4535.0
2020-03-18 23:00:00,2481.0
2020-03-19 00:00:00,1191.0
2020-03-19 01:00:00,674.0
2020-03-19 02:00:00,408.0
2020-03-19 03:00:00,254.0
2020-03-19 04:00:00,448.0
2020-03-19 05:00:00,707.0
2020-03-19 06:00:00,1178.0
2020-03-19 07:00:00,3289.0
2020-03-19 08:00:00,8250.0
2020-03-19 09:00:00,16639.0
2020-03-19 10:00:00,29475.0
2020-03-19 11:00:00,44897.0
2020-03-19 12:00:00,43432.0
2020-03-19 13:00:00,30688.0
2020-03-19 14:00:00,25987.0
2020-03-19 15:00:00,20885.0
2020-03-19 16:00:00,19575.0
2020-03-19 17:00:00,16740.0
2020-03-19 18:00:00,15511.0
2020-03-19 19:00:00,11000.0
2020-03-19 20:00:00,7560.0
2020-03-19 21:00:00,6047.0
2020-03-19 22:00:00,4509.0
2020-03-19 23:00:00,2041.0
2020-03-20 00:00:00,1450.0
2020-03-20 01:00:00,733.0
2020-03-20 02:00:00,462.0
2020-03-20 03:00:00,138.0
2020-03-20 04:00:00,334.0
2020-03-20 05:00:00,955.0
2020-03-20 06:00:00,1524.0
2020-03-20 07:00:00,4759.0
2020-03-20 08:00:00,11150.0
2020-03-20 09:00:00,27329.0
2020-03-20 10:00:00,35937.0
2020-03-20 11:00:00,36806.0
2020-03-20 12:00:00,26442.0
2020-03-20 13:00:00,24379.0
2020-03-20 14:00:00,29888.0
2020-03-20 15:00:00,29098.0
2020-03-20 16:00:00,25680.0
2020-03-20 17:00:00,21904.0
2020-03-20 18:00:00,17333.0
2020-03-20 19:00:00,12026.0
2020-03-20 20:00:00,7882.0
2020-03-20 21:00:00,4187.0
2020-03-20 22:00:00,3190.0
2020-03-20 23:00:00,1622.0
2020-03-21 00:00:00,810.0
2020-03-21 01:00:00,832.0
2020-03-21 02:00:00,699.0
2020-03-21 03:00:00,303.0
2020-03-21 04:00:00,279.0
2020-03-21 05:00:00,480.0
2020-03-21 06:00:00,387.0
2020-03-21 07:00:00,540.0
2020-03-21 08:00:00,932.0
2020-03-21 09:00:00,1545.0
2020-03-21 10:00:00,2116.0
2020-03-21 11:00:00,2417.0
2020-03-21 12:00:00,1980.0
2020-03-21 13:00:00,1816.0
2020-03-21 14:00:00,2104.0
2020-03-21 15:00:00,2653.0
2020-03-21 16:00:00,1643.0
2020-03-21 17:00:00,1501.0
2020-03-21 18:00:00,1654.0
2020-03-21 19:00:00,1356.0
2020-03-21 20:00:00,1406.0
2020-03-21 21:00:00,1121.0
2020-03-21 22:00:00,1449.0
2020-03-21 23:00:00,815.0
2020-03-22 00:00:00,191.0
2020-03-22 01:00:00,122.0
2020-03-22 02:00:00,168.0
2020-03-22 03:00:00,66.0
2020-03-22 04:00:00,82.0
2020-03-22 05:00:00,70.0
2020-03-22 06:00:00,199.0
2020-03-22 07:00:00,1128.0
2020-03-22 08:00:00,1044.0
2020-03-22 09:00:00,1416.0
2020-03-22 10:00:00,2230.0
2020-03-22 11:00:00,2188.0
2020-03-22 12:00:00,3130.0
2020-03-22 13:00:00,1309.0
2020-03-22 14:00:00,1725.0
2020-03-22 15:00:00,1925.0
2020-03-22 16:00:00,1309.0
2020-03-22 17:00:00,2572.0
2020-03-22 18:00:00,2206.0
2020-03-22 19:00:00,3076.0
2020-03-22 20:00:00,2079.0
2020-03-22 21:00:00,2038.0
2020-03-22 22:00:00,2194.0
2020-03-22 23:00:00,1750.0
2020-03-23 00:00:00,1305.5
2020-03-23 01:00:00,607.0
2020-03-23 02:00:00,43.0
2020-03-23 03:00:00,142.0
2020-03-23 04:00:00,269.0
2020-03-23 05:00:00,706.0
2020-03-23 06:00:00,2275.0
2020-03-23 07:00:00,4930.0
2020-03-23 08:00:00,15459.0
2020-03-23 09:00:00,27934.0
2020-03-23 10:00:00,33592.0
2020-03-23 11:00:00,32651.0
2020-03-23 12:00:00,31691.0
2020-03-23 13:00:00,19544.0
2020-03-23 14:00:00,27898.0
2020-03-23 15:00:00,27535.0
2020-03-23 16:00:00,22721.0
2020-03-23 17:00:00,21229.0
2020-03-23 18:00:00,15291.0
2020-03-23 19:00:00,12236.0
2020-03-23 20:00:00,7623.0
2020-03-23 21:00:00,5929.0
2020-03-23 22:00:00,3742.0
2020-03-23 23:00:00,1531.0
2020-03-24 00:00:00,1462.0
2020-03-24 01:00:00,806.0
2020-03-24 02:00:00,311.0
2020-03-24 03:00:00,270.0
2020-03-24 04:00:00,245.0
2020-03-24 05:00:00,596.0
2020-03-24 06:00:00,1461.0
2020-03-24 07:00:00,3471.0
2020-03-24 08:00:00,9593.0
2020-03-24 09:00:00,22149.0
2020-03-24 10:00:00,30571.0
2020-03-24 11:00:00,30508.0
2020-03-24 12:00:00,23310.0
2020-03-24 13:00:00,21317.0
2020-03-24 14:00:00,21843.0
2020-03-24 15:00:00,33043.0
2020-03-24 16:00:00,19201.0
2020-03-24 17:00:00,13313.0
2020-03-24 18:00:00,16533.0
2020-03-24 19:00:00,9103.0
2020-03-24 20:00:00,6809.0
2020-03-24 21:00:00,5999.0
2020-03-24 22:00:00,4673.0
2020-03-24 23:00:00,2486.0
2020-03-25 00:00:00,2066.0
2020-03-25 01:00:00,853.0
2020-03-25 02:00:00,275.0
2020-03-25 03:00:00,173.0
2020-03-25 04:00:00,326.0
2020-03-25 05:00:00,398.0
2020-03-25 06:00:00,1243.0
2020-03-25 07:00:00,1576.0
2020-03-25 08:00:00,2701.0
2020-03-25 09:00:00,4674.0
2020-03-25 10:00:00,8026.0
2020-03-25 11:00:00,8184.0
2020-03-25 12:00:00,7854.0
2020-03-25 13:00:00,7023.0
2020-03-25 14:00:00,8121.0
2020-03-25 15:00:00,7881.0
2020-03-25 16:00:00,7016.0
2020-03-25 17:00:00,5755.0
2020-03-25 18:00:00,6303.0
2020-03-25 19:00:00,4606.0
2020-03-25 20:00:00,4796.0
2020-03-25 21:00:00,3643.0
2020-03-25 22:00:00,3305.0
2020-03-25 23:00:00,1204.0
2020-03-26 00:00:00,904.0
2020-03-26 01:00:00,697.0
2020-03-26 02:00:00,234.0
2020-03-26 03:00:00,126.0
2020-03-26 04:00:00,318.0
2020-03-26 05:00:00,457.0
2020-03-26 06:00:00,930.0
2020-03-26 07:00:00,3383.0
2020-03-26 08:00:00,12443.0
2020-03-26 09:00:00,23001.0
2020-03-26 10:00:00,36445.0
2020-03-26 11:00:00,35722.0
2020-03-26 12:00:00,28641.0
2020-03-26 13:00:00,20600.0
2020-03-26 14:00:00,23239.0
2020-03-26 15:00:00,21242.0
2020-03-26 16:00:00,31738.0
2020-03-26 17:00:00,18223.0
2020-03-26 18:00:00,16794.0
2020-03-26 19:00:00,11800.0
2020-03-26 20:00:00,45328.0
2020-03-26 21:00:00,71925.0
2020-03-26 22:00:00,27066.0
2020-03-26 23:00:00,2218.0
2020-03-27 00:00:00,731.0
2020-03-27 01:00:00,753.0
2020-03-27 02:00:00,469.0
2020-03-27 03:00:00,203.0
2020-03-27 04:00:00,221.0
2020-03-27 05:00:00,522.0
2020-03-27 06:00:00,1326.0
2020-03-27 07:00:00,3045.0
2020-03-27 08:00:00,8697.0
2020-03-27 09:00:00,17413.0
2020-03-27 10:00:00,26461.0
2020-03-27 11:00:00,27261.0
2020-03-27 12:00:00,22972.0
2020-03-27 13:00:00,17923.0
2020-03-27 14:00:00,21636.0
2020-03-27 15:00:00,20036.0
2020-03-27 16:00:00,16867.0
2020-03-27 17:00:00,15984.0
2020-03-27 18:00:00,14059.0
2020-03-27 19:00:00,9762.0
2020-03-27 20:00:00,6876.0
2020-03-27 21:00:00,4484.0
2020-03-27 22:00:00,3123.0
2020-03-27 23:00:00,2196.0
2020-03-28 00:00:00,1204.0
2020-03-28 01:00:00,577.0
2020-03-28 02:00:00,286.0
2020-03-28 03:00:00,111.0
2020-03-28 04:00:00,234.0
2020-03-28 05:00:00,278.0
2020-03-28 06:00:00,429.0
2020-03-28 07:00:00,438.0
2020-03-28 08:00:00,697.0
2020-03-28 09:00:00,1700.0
2020-03-28 10:00:00,3726.0
2020-03-28 11:00:00,2680.0
2020-03-28 12:00:00,2331.0
2020-03-28 13:00:00,2231.0
2020-03-28 14:00:00,1213.0
2020-03-28 15:00:00,1947.0
2020-03-28 16:00:00,1514.0
2020-03-28 17:00:00,2064.0
2020-03-28 18:00:00,2239.0
2020-03-28 19:00:00,2308.0
2020-03-28 20:00:00,1591.0
2020-03-28 21:00:00,1832.0
2020-03-28 22:00:00,1263.0
2020-03-28 23:00:00,785.0
2020-03-29 00:00:00,213.0
2020-03-29 01:00:00,323.0
2020-03-29 02:00:00,300.0
2020-03-29 03:00:00,60.0
2020-03-29 04:00:00,89.0
2020-03-29 05:00:00,208.0
2020-03-29 06:00:00,268.0
2020-03-29 07:00:00,543.0
2020-03-29 08:00:00,643.0
2020-03-29 09:00:00,1692.0
2020-03-29 10:00:00,2614.0
2020-03-29 11:00:00,1985.0
2020-03-29 12:00:00,2046.0
2020-03-29 13:00:00,1970.0
2020-03-29 14:00:00,2512.0
2020-03-29 15:00:00,3332.0
2020-03-29 16:00:00,1876.0
2020-03-29 17:00:00,3074.0
2020-03-29 18:00:00,3777.0
2020-03-29 19:00:00,3264.0
2020-03-29 20:00:00,1939.0
2020-03-29 21:00:00,1929.0
2020-03-29 22:00:00,1527.0
2020-03-29 23:00:00,870.0
2020-03-30 00:00:00,607.5
2020-03-30 01:00:00,308.0
2020-03-30 02:00:00,168.0
2020-03-30 03:00:00,108.0
2020-03-30 04:00:00,117.0
2020-03-30 05:00:00,484.0
2020-03-30 06:00:00,1169.0
2020-03-30 07:00:00,3862.0
2020-03-30 08:00:00,12665.0
2020-03-30 09:00:00,22055.0
2020-03-30 10:00:00,26388.0
2020-03-30 11:00:00,30658.0
2020-03-30 12:00:00,25011.0
2020-03-30 13:00:00,18613.0
2020-03-30 14:00:00,19403.0
2020-03-30 15:00:00,19646.0
2020-03-30 16:00:00,15926.0
2020-03-30 17:00:00,17352.0
2020-03-30 18:00:00,11527.0
2020-03-30 19:00:00,9631.0
2020-03-30 20:00:00,6416.0
2020-03-30 21:00:00,5375.0
2020-03-30 22:00:00,4036.0
2020-03-30 23:00:00,3034.0
2020-03-31 00:00:00,1349.0
2020-03-31 01:00:00,377.0
2020-03-31 02:00:00,250.0
2020-03-31 03:00:00,146.0
2020-03-31 04:00:00,158.0
2020-03-31 05:00:00,550.0
2020-03-31 06:00:00,1174.0
2020-03-31 07:00:00,3727.0
2020-03-31 08:00:00,10757.0
2020-03-31 09:00:00,19057.0
2020-03-31 10:00:00,24905.0
2020-03-31 11:00:00,26510.0
2020-03-31 12:00:00,17534.0
2020-03-31 13:00:00,15032.0
2020-03-31 14:00:00,15320.0
2020-03-31 15:00:00,11586.0
2020-03-31 16:00:00,10116.0
2020-03-31 17:00:00,9204.0
2020-03-31 18:00:00,13500.0
2020-03-31 19:00:00,8242.0
2020-03-31 20:00:00,6512.0
2020-03-31 21:00:00,5784.0
2020-03-31 22:00:00,2913.0
2020-03-31 23:00:00,2265.0
2020-04-01 00:00:00,1063.0
2020-04-01 01:00:00,568.0
2020-04-01 02:00:00,312.0
2020-04-01 03:00:00,194.0
2020-04-01 04:00:00,417.0
2020-04-01 05:00:00,1144.0
2020-04-01 06:00:00,1747.0
2020-04-01 07:00:00,4125.0
2020-04-01 08:00:00,11039.0
2020-04-01 09:00:00,16242.0
2020-04-01 10:00:00,23299.0
2020-04-01 11:00:00,21166.0
2020-04-01 12:00:00,18338.0
2020-04-01 13:00:00,16011.0
2020-04-01 14:00:00,16312.0
2020-04-01 15:00:00,17052.0
2020-04-01 16:00:00,14444.0
2020-04-01 17:00:00,11891.0
2020-04-01 18:00:00,9741.0
2020-04-01 19:00:00,8192.0
2020-04-01 20:00:00,6489.0
2020-04-01 21:00:00,4422.0
2020-04-01 22:00:00,3277.0
2020-04-01 23:00:00,2403.0
2020-04-02 00:00:00,1318.0
2020-04-02 01:00:00,1135.0
2020-04-02 02:00:00,565.0
2020-04-02 03:00:00,637.0
2020-04-02 04:00:00,597.0
2020-04-02 05:00:00,935.0
2020-04-02 06:00:00,1675.0
2020-04-02 07:00:00,3642.0
2020-04-02 08:00:00,8355.0
2020-04-02 09:00:00,15906.0
2020-04-02 10:00:00,23372.0
2020-04-02 11:00:00,22681.0
2020-04-02 12:00:00,20101.0
2020-04-02 13:00:00,17137.0
2020-04-02 14:00:00,16217.0
2020-04-02 15:00:00,15765.0
2020-04-02 16:00:00,13985.0
2020-04-02 17:00:00,12782.0
2020-04-02 18:00:00,10800.0
2020-04-02 19:00:00,7957.0
2020-04-02 20:00:00,5416.0
2020-04-02 21:00:00,5584.0
2020-04-02 22:00:00,3119.0
2020-04-02 23:00:00,1971.0
2020-04-03 00:00:00,923.0
2020-04-03 01:00:00,768.0
2020-04-03 02:00:00,414.0
2020-04-03 03:00:00,516.0
2020-04-03 04:00:00,283.0
2020-04-03 05:00:00,1025.0
2020-04-03 06:00:00,1654.0
2020-04-03 07:00:00,3882.0
2020-04-03 08:00:00,8992.0
2020-04-03 09:00:00,18424.0
2020-04-03 10:00:00,27996.0
2020-04-03 11:00:00,25627.0
2020-04-03 12:00:00,21416.0
2020-04-03 13:00:00,21317.0
2020-04-03 14:00:00,20564.0
2020-04-03 15:00:00,17031.0
2020-04-03 16:00:00,19044.0
2020-04-03 17:00:00,34520.0
2020-04-03 18:00:00,16643.0
2020-04-03 19:00:00,11109.0
2020-04-03 20:00:00,7732.0
2020-04-03 21:00:00,5262.0
2020-04-03 22:00:00,3363.0
2020-04-03 23:00:00,1509.0
2020-04-04 00:00:00,1141.0
2020-04-04 01:00:00,692.0
2020-04-04 02:00:00,344.0
2020-04-04 03:00:00,155.0
2020-04-04 04:00:00,280.0
2020-04-04 05:00:00,450.0
2020-04-04 06:00:00,661.0
2020-04-04 07:00:00,550.0
2020-04-04 08:00:00,948.0
2020-04-04 09:00:00,2034.0
2020-04-04 10:00:00,2457.0
2020-04-04 11:00:00,2848.0
2020-04-04 12:00:00,2418.0
2020-04-04 13:00:00,1502.0
2020-04-04 14:00:00,2127.0
2020-04-04 15:00:00,2546.0
2020-04-04 16:00:00,2302.0
2020-04-04 17:00:00,1879.0
2020-04-04 18:00:00,1844.0
2020-04-04 19:00:00,2388.0
2020-04-04 20:00:00,1507.0
2020-04-04 21:00:00,1140.0
2020-04-04 22:00:00,1002.0
2020-04-04 23:00:00,443.0
2020-04-05 00:00:00,393.0
2020-04-05 01:00:00,356.0
2020-04-05 02:00:00,56.0
2020-04-05 03:00:00,153.0
2020-04-05 04:00:00,60.0
2020-04-05 05:00:00,252.0
2020-04-05 06:00:00,409.0
2020-04-05 07:00:00,446.0
2020-04-05 08:00:00,854.0
2020-04-05 09:00:00,1370.0
2020-04-05 10:00:00,2076.0
2020-04-05 11:00:00,1572.0
2020-04-05 12:00:00,1404.0
2020-04-05 13:00:00,1748.0
2020-04-05 14:00:00,1874.0
2020-04-05 15:00:00,2857.0
2020-04-05 16:00:00,2096.0
2020-04-05 17:00:00,2318.0
2020-04-05 18:00:00,3093.0
2020-04-05 19:00:00,2263.0
2020-04-05 20:00:00,1484.0
2020-04-05 21:00:00,1972.0
2020-04-05 22:00:00,2611.0
2020-04-05 23:00:00,1564.0
2020-04-06 00:00:00,1125.5
2020-04-06 01:00:00,413.0
2020-04-06 02:00:00,186.0
2020-04-06 03:00:00,150.0
2020-04-06 04:00:00,200.0
2020-04-06 05:00:00,1307.0
2020-04-06 06:00:00,2574.0
2020-04-06 07:00:00,7088.0
2020-04-06 08:00:00,19513.0
2020-04-06 09:00:00,43529.0
2020-04-06 10:00:00,42640.0
2020-04-06 11:00:00,39284.0
2020-04-06 12:00:00,31054.0
2020-04-06 13:00:00,24897.0
2020-04-06 14:00:00,23735.0
2020-04-06 15:00:00,21590.0
2020-04-06 16:00:00,24749.0
2020-04-06 17:00:00,22536.0
2020-04-06 18:00:00,17715.0
2020-04-06 19:00:00,13825.0
2020-04-06 20:00:00,8337.0
2020-04-06 21:00:00,5564.0
2020-04-06 22:00:00,4607.0
2020-04-06 23:00:00,2348.0
2020-04-07 00:00:00,1776.0
2020-04-07 01:00:00,822.0
2020-04-07 02:00:00,911.0
2020-04-07 03:00:00,524.0
2020-04-07 04:00:00,452.0
2020-04-07 05:00:00,683.0
2020-04-07 06:00:00,1572.0
2020-04-07 07:00:00,4119.0
2020-04-07 08:00:00,11320.0
2020-04-07 09:00:00,20380.0
2020-04-07 10:00:00,25696.0
2020-04-07 11:00:00,27885.0
2020-04-07 12:00:00,23566.0
2020-04-07 13:00:00,19874.0
2020-04-07 14:00:00,24228.0
2020-04-07 15:00:00,24212.0
2020-04-07 16:00:00,36839.0
2020-04-07 17:00:00,23690.0
2020-04-07 18:00:00,15000.0
2020-04-07 19:00:00,11422.0
2020-04-07 20:00:00,7121.0
2020-04-07 21:00:00,5779.0
2020-04-07 22:00:00,3609.0
2020-04-07 23:00:00,1962.0
2020-04-08 00:00:00,1197.0
2020-04-08 01:00:00,689.0
2020-04-08 02:00:00,321.0
2020-04-08 03:00:00,339.0
2020-04-08 04:00:00,462.0
2020-04-08 05:00:00,884.0
2020-04-08 06:00:00,1588.0
2020-04-08 07:00:00,3282.0
2020-04-08 08:00:00,9702.0
2020-04-08 09:00:00,17102.0
2020-04-08 10:00:00,23967.0
2020-04-08 11:00:00,24379.0
2020-04-08 12:00:00,21027.0
2020-04-08 13:00:00,18077.0
2020-04-08 14:00:00,19638.0
2020-04-08 15:00:00,16102.0
2020-04-08 16:00:00,17086.0
2020-04-08 17:00:00,13862.0
2020-04-08 18:00:00,12298.0
2020-04-08 19:00:00,9415.0
2020-04-08 20:00:00,4994.0
2020-04-08 21:00:00,4501.0
2020-04-08 22:00:00,3363.0
2020-04-08 23:00:00,2421.0
2020-04-09 00:00:00,1203.0
2020-04-09 01:00:00,841.0
2020-04-09 02:00:00,762.0
2020-04-09 03:00:00,388.0
2020-04-09 04:00:00,267.0
2020-04-09 05:00:00,655.0
2020-04-09 06:00:00,1429.0
2020-04-09 07:00:00,2784.0
2020-04-09 08:00:00,7882.0
2020-04-09 09:00:00,13688.0
2020-04-09 10:00:00,20513.0
2020-04-09 11:00:00,34689.0
2020-04-09 12:00:00,26282.0
2020-04-09 13:00:00,16120.0
2020-04-09 14:00:00,14564.0
2020-04-09 15:00:00,19536.0
2020-04-09 16:00:00,19319.0
2020-04-09 17:00:00,16546.0
2020-04-09 18:00:00,13888.0
2020-04-09 19:00:00,11405.0
2020-04-09 20:00:00,6101.0
2020-04-09 21:00:00,5095.0
2020-04-09 22:00:00,2781.0
2020-04-09 23:00:00,1877.0
2020-04-10 00:00:00,1186.0
2020-04-10 01:00:00,904.0
2020-04-10 02:00:00,585.0
2020-04-10 03:00:00,371.0
2020-04-10 04:00:00,566.0
2020-04-10 05:00:00,604.0
2020-04-10 06:00:00,1348.0
2020-04-10 07:00:00,3573.0
2020-04-10 08:00:00,9534.0
2020-04-10 09:00:00,18572.0
2020-04-10 10:00:00,24206.0
2020-04-10 11:00:00,25455.0
2020-04-10 12:00:00,26366.0
2020-04-10 13:00:00,28160.0
2020-04-10 14:00:00,18207.0
2020-04-10 15:00:00,19172.0
2020-04-10 16:00:00,20564.0
2020-04-10 17:00:00,18093.0
2020-04-10 18:00:00,17418.0
2020-04-10 19:00:00,14573.0
2020-04-10 20:00:00,9479.0
2020-04-10 21:00:00,6205.0
2020-04-10 22:00:00,4262.0
2020-04-10 23:00:00,1775.0
2020-04-11 00:00:00,1277.0
2020-04-11 01:00:00,1013.0
2020-04-11 02:00:00,427.0
2020-04-11 03:00:00,358.0
2020-04-11 04:00:00,193.0
2020-04-11 05:00:00,537.0
2020-04-11 06:00:00,871.0
2020-04-11 07:00:00,843.0
2020-04-11 08:00:00,1491.0
2020-04-11 09:00:00,2191.0
2020-04-11 10:00:00,3006.0
2020-04-11 11:00:00,3971.0
2020-04-11 12:00:00,2512.0
2020-04-11 13:00:00,2308.0
2020-04-11 14:00:00,2454.0
2020-04-11 15:00:00,1768.0
2020-04-11 16:00:00,1968.0
2020-04-11 17:00:00,1910.0
2020-04-11 18:00:00,2461.0
2020-04-11 19:00:00,2026.0
2020-04-11 20:00:00,1868.0
2020-04-11 21:00:00,1735.0
2020-04-11 22:00:00,1169.0
2020-04-11 23:00:00,1291.0
2020-04-12 00:00:00,669.0
2020-04-12 01:00:00,98.0
2020-04-12 02:00:00,124.0
2020-04-12 03:00:00,148.0
2020-04-12 04:00:00,144.0
2020-04-12 05:00:00,296.0
2020-04-12 06:00:00,214.0
2020-04-12 07:00:00,851.0
2020-04-12 08:00:00,696.0
2020-04-12 09:00:00,1400.0
2020-04-12 10:00:00,2043.0
2020-04-12 11:00:00,2962.0
2020-04-12 12:00:00,2186.0
2020-04-12 13:00:00,1408.0
2020-04-12 14:00:00,1942.0
2020-04-12 15:00:00,1573.0
2020-04-12 16:00:00,2079.0
2020-04-12 17:00:00,2152.0
2020-04-12 18:00:00,3790.0
2020-04-12 19:00:00,3041.0
2020-04-12 20:00:00,2878.0
2020-04-12 21:00:00,1663.0
2020-04-12 22:00:00,1633.0
2020-04-12 23:00:00,1651.0
2020-04-13 00:00:00,1193.5
2020-04-13 01:00:00,547.0
2020-04-13 02:00:00,574.0
2020-04-13 03:00:00,260.0
2020-04-13 04:00:00,255.0
2020-04-13 05:00:00,1038.0
2020-04-13 06:00:00,1787.0
2020-04-13 07:00:00,7542.0
2020-04-13 08:00:00,18376.0
2020-04-13 09:00:00,26717.0
2020-04-13 10:00:00,25006.0
2020-04-13 11:00:00,23703.0
2020-04-13 12:00:00,26237.0
2020-04-13 13:00:00,27790.0
2020-04-13 14:00:00,22200.0
2020-04-13 15:00:00,20543.0
2020-04-13 16:00:00,20165.0
2020-04-13 17:00:00,23458.0
2020-04-13 18:00:00,18842.0
2020-04-13 19:00:00,16251.0
2020-04-13 20:00:00,11500.0
2020-04-13 21:00:00,8584.0
2020-04-13 22:00:00,5688.0
2020-04-13 23:00:00,3167.0
2020-04-14 00:00:00,1340.0
2020-04-14 01:00:00,1076.0
2020-04-14 02:00:00,773.0
2020-04-14 03:00:00,393.0
2020-04-14 04:00:00,957.0
2020-04-14 05:00:00,1256.0
2020-04-14 06:00:00,1964.0
2020-04-14 07:00:00,4519.0
2020-04-14 08:00:00,13505.0
2020-04-14 09:00:00,24248.0
2020-04-14 10:00:00,37889.0
2020-04-14 11:00:00,46602.0
2020-04-14 12:00:00,31719.0
2020-04-14 13:00:00,35777.0
2020-04-14 14:00:00,30495.0
2020-04-14 15:00:00,27855.0
2020-04-14 16:00:00,25514.0
2020-04-14 17:00:00,17094.0
2020-04-14 18:00:00,14003.0
2020-04-14 19:00:00,12191.0
2020-04-14 20:00:00,8856.0
2020-04-14 21:00:00,5862.0
2020-04-14 22:00:00,3771.0
2020-04-14 23:00:00,2193.0
2020-04-15 00:00:00,1660.0
2020-04-15 01:00:00,1188.0
2020-04-15 02:00:00,449.0
2020-04-15 03:00:00,294.0
2020-04-15 04:00:00,632.0
2020-04-15 05:00:00,853.0
2020-04-15 06:00:00,2062.0
2020-04-15 07:00:00,3405.0
2020-04-15 08:00:00,10317.0
2020-04-15 09:00:00,22159.0
2020-04-15 10:00:00,28458.0
2020-04-15 11:00:00,34224.0
2020-04-15 12:00:00,29846.0
2020-04-15 13:00:00,25970.0
2020-04-15 14:00:00,29167.0
2020-04-15 15:00:00,32246.0
2020-04-15 16:00:00,28092.0
2020-04-15 17:00:00,21104.0
2020-04-15 18:00:00,19362.0
2020-04-15 19:00:00,13049.0
2020-04-15 20:00:00,9898.0
2020-04-15 21:00:00,5904.0
2020-04-15 22:00:00,4271.0
2020-04-15 23:00:00,1965.0
2020-04-16 00:00:00,934.0
2020-04-16 01:00:00,727.0
2020-04-16 02:00:00,552.0
2020-04-16 03:00:00,276.0
2020-04-16 04:00:00,376.0
2020-04-16 05:00:00,492.0
2020-04-16 06:00:00,1056.0
2020-04-16 07:00:00,4482.0
2020-04-16 08:00:00,9827.0
2020-04-16 09:00:00,20579.0
2020-04-16 10:00:00,38324.0
2020-04-16 11:00:00,41784.0
2020-04-16 12:00:00,30283.0
2020-04-16 13:00:00,25418.0
2020-04-16 14:00:00,26499.0
2020-04-16 15:00:00,26785.0
2020-04-16 16:00:00,28928.0
2020-04-16 17:00:00,19774.0
2020-04-16 18:00:00,17164.0
2020-04-16 19:00:00,14126.0
2020-04-16 20:00:00,9462.0
2020-04-16 21:00:00,5922.0
2020-04-16 22:00:00,3334.0
2020-04-16 23:00:00,2603.0
2020-04-17 00:00:00,1129.0
2020-04-17 01:00:00,809.0
2020-04-17 02:00:00,511.0
2020-04-17 03:00:00,217.0
2020-04-17 04:00:00,215.0
2020-04-17 05:00:00,826.0
2020-04-17 06:00:00,1202.0
2020-04-17 07:00:00,3681.0
2020-04-17 08:00:00,10966.0
2020-04-17 09:00:00,19829.0
2020-04-17 10:00:00,43896.0
2020-04-17 11:00:00,51008.0
2020-04-17 12:00:00,39384.0
2020-04-17 13:00:00,32206.0
2020-04-17 14:00:00,30979.0
2020-04-17 15:00:00,29397.0
2020-04-17 16:00:00,26569.0
2020-04-17 17:00:00,23207.0
2020-04-17 18:00:00,19517.0
2020-04-17 19:00:00,13272.0
2020-04-17 20:00:00,10214.0
2020-04-17 21:00:00,19979.0
2020-04-17 22:00:00,11921.0
2020-04-17 23:00:00,2263.0
2020-04-18 00:00:00,851.0
2020-04-18 01:00:00,652.0
2020-04-18 02:00:00,214.0
2020-04-18 03:00:00,206.0
2020-04-18 04:00:00,362.0
2020-04-18 05:00:00,524.0
2020-04-18 06:00:00,652.0
2020-04-18 07:00:00,1107.0
2020-04-18 08:00:00,1279.0
2020-04-18 09:00:00,2433.0
2020-04-18 10:00:00,2994.0
2020-04-18 11:00:00,4490.0
2020-04-18 12:00:00,2123.0
2020-04-18 13:00:00,2644.0
2020-04-18 14:00:00,2688.0
2020-04-18 15:00:00,3397.0
2020-04-18 16:00:00,3140.0
2020-04-18 17:00:00,1980.0
2020-04-18 18:00:00,2543.0
2020-04-18 19:00:00,2092.0
2020-04-18 20:00:00,1976.0
2020-04-18 21:00:00,1506.0
2020-04-18 22:00:00,1654.0
2020-04-18 23:00:00,681.0
2020-04-19 00:00:00,723.0
2020-04-19 01:00:00,202.0
2020-04-19 02:00:00,100.0
2020-04-19 03:00:00,103.0
2020-04-19 04:00:00,59.0
2020-04-19 05:00:00,198.0
2020-04-19 06:00:00,528.0
2020-04-19 07:00:00,905.0
2020-04-19 08:00:00,1004.0
2020-04-19 09:00:00,1259.0
2020-04-19 10:00:00,1884.0
2020-04-19 11:00:00,2508.0
2020-04-19 12:00:00,1887.0
2020-04-19 13:00:00,2274.0
2020-04-19 14:00:00,1935.0
2020-04-19 15:00:00,2174.0
2020-04-19 16:00:00,3179.0
2020-04-19 17:00:00,3743.0
2020-04-19 18:00:00,3651.0
2020-04-19 19:00:00,4102.0
2020-04-19 20:00:00,2481.0
2020-04-19 21:00:00,2820.0
2020-04-19 22:00:00,2763.0
2020-04-19 23:00:00,1997.0
2020-04-20 00:00:00,1279.5
2020-04-20 01:00:00,522.0
2020-04-20 02:00:00,242.0
2020-04-20 03:00:00,111.0
2020-04-20 04:00:00,223.0
2020-04-20 05:00:00,896.0
2020-04-20 06:00:00,2009.0
2020-04-20 07:00:00,7143.0
2020-04-20 08:00:00,19005.0
2020-04-20 09:00:00,29442.0
2020-04-20 10:00:00,41655.0
2020-04-20 11:00:00,42840.0
2020-04-20 12:00:00,35076.0
2020-04-20 13:00:00,26742.0
2020-04-20 14:00:00,28704.0
2020-04-20 15:00:00,31762.0
2020-04-20 16:00:00,30774.0
2020-04-20 17:00:00,21848.0
2020-04-20 18:00:00,19244.0
2020-04-20 19:00:00,15446.0
2020-04-20 20:00:00,9785.0
2020-04-20 21:00:00,7902.0
2020-04-20 22:00:00,4451.0
2020-04-20 23:00:00,3182.0
2020-04-21 00:00:00,1982.0
2020-04-21 01:00:00,782.0
2020-04-21 02:00:00,303.0
2020-04-21 03:00:00,239.0
2020-04-21 04:00:00,364.0
2020-04-21 05:00:00,1129.0
2020-04-21 06:00:00,1552.0
2020-04-21 07:00:00,4262.0
2020-04-21 08:00:00,9975.0
2020-04-21 09:00:00,21019.0
2020-04-21 10:00:00,34057.0
2020-04-21 11:00:00,31466.0
2020-04-21 12:00:00,25929.0
2020-04-21 13:00:00,24414.0
2020-04-21 14:00:00,29857.0
2020-04-21 15:00:00,27540.0
2020-04-21 16:00:00,27359.0
2020-04-21 17:00:00,22403.0
2020-04-21 18:00:00,21501.0
2020-04-21 19:00:00,16714.0
2020-04-21 20:00:00,9770.0
2020-04-21 21:00:00,8186.0
2020-04-21 22:00:00,4576.0
2020-04-21 23:00:00,2410.0
2020-04-22 00:00:00,1209.0
2020-04-22 01:00:00,1659.0
2020-04-22 02:00:00,1048.0
2020-04-22 03:00:00,1445.0
2020-04-22 04:00:00,389.0
2020-04-22 05:00:00,800.0
2020-04-22 06:00:00,1425.0
2020-04-22 07:00:00,3745.0
2020-04-22 08:00:00,9997.0
2020-04-22 09:00:00,21201.0
2020-04-22 10:00:00,30342.0
2020-04-22 11:00:00,36447.0
2020-04-22 12:00:00,26911.0
2020-04-22 13:00:00,25200.0
2020-04-22 14:00:00,23914.0
2020-04-22 15:00:00,23021.0
2020-04-22 16:00:00,22539.0
2020-04-22 17:00:00,20184.0
2020-04-22 18:00:00,19035.0
2020-04-22 19:00:00,14490.0
2020-04-22 20:00:00,8760.0
2020-04-22 21:00:00,7477.0
2020-04-22 22:00:00,6031.0
2020-04-22 23:00:00,3599.0
2020-04-23 00:00:00,2527.0
2020-04-23 01:00:00,902.0
2020-04-23 02:00:00,384.0
2020-04-23 03:00:00,256.0
2020-04-23 04:00:00,242.0
2020-04-23 05:00:00,704.0
2020-04-23 06:00:00,1363.0
2020-04-23 07:00:00,3156.0
2020-04-23 08:00:00,8937.0
2020-04-23 09:00:00,18816.0
2020-04-23 10:00:00,23304.0
2020-04-23 11:00:00,26077.0
2020-04-23 12:00:00,22487.0
2020-04-23 13:00:00,20974.0
2020-04-23 14:00:00,23598.0
2020-04-23 15:00:00,22785.0
2020-04-23 16:00:00,21789.0
2020-04-23 17:00:00,18639.0
2020-04-23 18:00:00,16040.0
2020-04-23 19:00:00,10592.0
2020-04-23 20:00:00,8435.0
2020-04-23 21:00:00,7964.0
2020-04-23 22:00:00,3349.0
2020-04-23 23:00:00,2318.0
2020-04-24 00:00:00,1652.0
2020-04-24 01:00:00,1186.0
2020-04-24 02:00:00,303.0
2020-04-24 03:00:00,450.0
2020-04-24 04:00:00,486.0
2020-04-24 05:00:00,1079.0
2020-04-24 06:00:00,1178.0
2020-04-24 07:00:00,3719.0
2020-04-24 08:00:00,10252.0
2020-04-24 09:00:00,20264.0
2020-04-24 10:00:00,33422.0
2020-04-24 11:00:00,35111.0
2020-04-24 12:00:00,28343.0
2020-04-24 13:00:00,25646.0
2020-04-24 14:00:00,28347.0
2020-04-24 15:00:00,27772.0
2020-04-24 16:00:00,24276.0
2020-04-24 17:00:00,21433.0
2020-04-24 18:00:00,19789.0
2020-04-24 19:00:00,13493.0
2020-04-24 20:00:00,7981.0
2020-04-24 21:00:00,6469.0
2020-04-24 22:00:00,3631.0
2020-04-24 23:00:00,3187.0
2020-04-25 00:00:00,2500.0
2020-04-25 01:00:00,1898.0
2020-04-25 02:00:00,1335.0
2020-04-25 03:00:00,248.0
2020-04-25 04:00:00,210.0
2020-04-25 05:00:00,291.0
2020-04-25 06:00:00,591.0
2020-04-25 07:00:00,642.0
2020-04-25 08:00:00,1100.0
2020-04-25 09:00:00,2215.0
2020-04-25 10:00:00,3182.0
2020-04-25 11:00:00,3815.0
2020-04-25 12:00:00,3894.0
2020-04-25 13:00:00,2905.0
2020-04-25 14:00:00,2940.0
2020-04-25 15:00:00,2776.0
2020-04-25 16:00:00,1290.0
2020-04-25 17:00:00,1478.0
2020-04-25 18:00:00,2554.0
2020-04-25 19:00:00,2815.0
2020-04-25 20:00:00,2539.0
2020-04-25 21:00:00,2335.0
2020-04-25 22:00:00,1675.0
2020-04-25 23:00:00,1740.0
2020-04-26 00:00:00,1203.0
2020-04-26 01:00:00,973.0
2020-04-26 02:00:00,849.0
2020-04-26 03:00:00,114.0
2020-04-26 04:00:00,127.0
2020-04-26 05:00:00,242.0
2020-04-26 06:00:00,314.0
2020-04-26 07:00:00,476.0
2020-04-26 08:00:00,620.0
2020-04-26 09:00:00,998.0
2020-04-26 10:00:00,1702.0
2020-04-26 11:00:00,2276.0
2020-04-26 12:00:00,2181.0
2020-04-26 13:00:00,2382.0
2020-04-26 14:00:00,2697.0
2020-04-26 15:00:00,3054.0
2020-04-26 16:00:00,3275.0
2020-04-26 17:00:00,2617.0
2020-04-26 18:00:00,3277.0
2020-04-26 19:00:00,2997.0
2020-04-26 20:00:00,3185.0
2020-04-26 21:00:00,3504.0
2020-04-26 22:00:00,2480.0
2020-04-26 23:00:00,1988.0
2020-04-27 00:00:00,1484.0
2020-04-27 01:00:00,227.0
2020-04-27 02:00:00,225.0
2020-04-27 03:00:00,218.0
2020-04-27 04:00:00,379.0
2020-04-27 05:00:00,475.0
2020-04-27 06:00:00,1505.0
2020-04-27 07:00:00,4726.0
2020-04-27 08:00:00,14595.0
2020-04-27 09:00:00,27457.0
2020-04-27 10:00:00,32127.0
2020-04-27 11:00:00,32776.0
2020-04-27 12:00:00,28466.0
2020-04-27 13:00:00,23527.0
2020-04-27 14:00:00,23194.0
2020-04-27 15:00:00,24326.0
2020-04-27 16:00:00,26137.0
2020-04-27 17:00:00,22113.0
2020-04-27 18:00:00,19614.0
2020-04-27 19:00:00,13085.0
2020-04-27 20:00:00,9686.0
2020-04-27 21:00:00,7102.0
2020-04-27 22:00:00,5873.0
2020-04-27 23:00:00,4857.0
2020-04-28 00:00:00,3441.0
2020-04-28 01:00:00,2596.0
2020-04-28 02:00:00,2153.0
2020-04-28 03:00:00,930.0
2020-04-28 04:00:00,2386.0
2020-04-28 05:00:00,3793.0
2020-04-28 06:00:00,3765.0
2020-04-28 07:00:00,5267.0
2020-04-28 08:00:00,12011.0
2020-04-28 09:00:00,11228.0
2020-04-28 10:00:00,23754.0
2020-04-28 11:00:00,39994.0
2020-04-28 12:00:00,30240.0
2020-04-28 13:00:00,23903.0
2020-04-28 14:00:00,25719.0
2020-04-28 15:00:00,22023.0
2020-04-28 16:00:00,20776.0
2020-04-28 17:00:00,16937.0
2020-04-28 18:00:00,12088.0
2020-04-28 19:00:00,10394.0
2020-04-28 20:00:00,7969.0
2020-04-28 21:00:00,8738.0
2020-04-28 22:00:00,7083.0
2020-04-28 23:00:00,5831.0
2020-04-29 00:00:00,3163.0
2020-04-29 01:00:00,2546.0
2020-04-29 02:00:00,1749.0
2020-04-29 03:00:00,477.0
2020-04-29 04:00:00,362.0
2020-04-29 05:00:00,484.0
2020-04-29 06:00:00,896.0
2020-04-29 07:00:00,3058.0
2020-04-29 08:00:00,7998.0
2020-04-29 09:00:00,18769.0
2020-04-29 10:00:00,34983.0
2020-04-29 11:00:00,24228.0
2020-04-29 12:00:00,21972.0
2020-04-29 13:00:00,20974.0
2020-04-29 14:00:00,24370.0
2020-04-29 15:00:00,24019.0
2020-04-29 16:00:00,19333.0
2020-04-29 17:00:00,13699.0
2020-04-29 18:00:00,10905.0
2020-04-29 19:00:00,7867.0
2020-04-29 20:00:00,4590.0
2020-04-29 21:00:00,3679.0
2020-04-29 22:00:00,2423.0
2020-04-29 23:00:00,1591.0
2020-04-30 00:00:00,751.0
2020-04-30 01:00:00,324.0
2020-04-30 02:00:00,316.0
2020-04-30 03:00:00,189.0
2020-04-30 04:00:00,301.0
2020-04-30 05:00:00,685.0
2020-04-30 06:00:00,840.0
2020-04-30 07:00:00,2154.0
2020-04-30 08:00:00,3983.0
2020-04-30 09:00:00,7883.0
2020-04-30 10:00:00,8940.0
2020-04-30 11:00:00,10085.0
2020-04-30 12:00:00,7513.0
2020-04-30 13:00:00,8356.0
2020-04-30 14:00:00,8776.0
2020-04-30 15:00:00,9336.0
2020-04-30 16:00:00,8108.0
2020-04-30 17:00:00,5957.0
2020-04-30 18:00:00,6380.0
2020-04-30 19:00:00,4686.0
2020-04-30 20:00:00,3905.0
2020-04-30 21:00:00,2951.0
2020-04-30 22:00:00,2092.0
2020-04-30 23:00:00,2310.0
2020-05-01 00:00:00,1056.0
2020-05-01 01:00:00,806.0
2020-05-01 02:00:00,344.0
2020-05-01 03:00:00,400.0
2020-05-01 04:00:00,565.0
2020-05-01 05:00:00,649.0
2020-05-01 06:00:00,1500.0
2020-05-01 07:00:00,1361.0
2020-05-01 08:00:00,2302.0
2020-05-01 09:00:00,3933.0
2020-05-01 10:00:00,5355.0
2020-05-01 11:00:00,7037.0
2020-05-01 12:00:00,5230.0
2020-05-01 13:00:00,4868.0
2020-05-01 14:00:00,5012.0
2020-05-01 15:00:00,4456.0
2020-05-01 16:00:00,5216.0
2020-05-01 17:00:00,4388.0
2020-05-01 18:00:00,4737.0
2020-05-01 19:00:00,3952.0
2020-05-01 20:00:00,3377.0
2020-05-01 21:00:00,2321.0
2020-05-01 22:00:00,2417.0
2020-05-01 23:00:00,1014.0
2020-05-02 00:00:00,389.0
2020-05-02 01:00:00,339.0
2020-05-02 02:00:00,617.0
2020-05-02 03:00:00,213.0
2020-05-02 04:00:00,321.0
2020-05-02 05:00:00,716.0
2020-05-02 06:00:00,897.0
2020-05-02 07:00:00,866.0
2020-05-02 08:00:00,1518.0
2020-05-02 09:00:00,2133.0
2020-05-02 10:00:00,3250.0
2020-05-02 11:00:00,2565.0
2020-05-02 12:00:00,2798.0
2020-05-02 13:00:00,2085.0
2020-05-02 14:00:00,2250.0
2020-05-02 15:00:00,1609.0
2020-05-02 16:00:00,1703.0
2020-05-02 17:00:00,1581.0
2020-05-02 18:00:00,1814.0
2020-05-02 19:00:00,1854.0
2020-05-02 20:00:00,1729.0
2020-05-02 21:00:00,1200.0
2020-05-02 22:00:00,979.0
2020-05-02 23:00:00,531.0
2020-05-03 00:00:00,453.0
2020-05-03 01:00:00,353.0
2020-05-03 02:00:00,230.0
2020-05-03 03:00:00,169.0
2020-05-03 04:00:00,194.0
2020-05-03 05:00:00,444.0
2020-05-03 06:00:00,380.0
2020-05-03 07:00:00,742.0
2020-05-03 08:00:00,909.0
2020-05-03 09:00:00,1515.0
2020-05-03 10:00:00,1976.0
2020-05-03 11:00:00,1780.0
2020-05-03 12:00:00,1790.0
2020-05-03 13:00:00,1723.0
2020-05-03 14:00:00,2160.0
2020-05-03 15:00:00,2306.0
2020-05-03 16:00:00,2194.0
2020-05-03 17:00:00,2157.0
2020-05-03 18:00:00,3523.0
2020-05-03 19:00:00,2903.0
2020-05-03 20:00:00,2398.0
2020-05-03 21:00:00,1880.0
2020-05-03 22:00:00,2371.0
2020-05-03 23:00:00,899.0
2020-05-04 00:00:00,734.0
2020-05-04 01:00:00,359.0
2020-05-04 02:00:00,275.0
2020-05-04 03:00:00,383.0
2020-05-04 04:00:00,253.0
2020-05-04 05:00:00,769.0
2020-05-04 06:00:00,2752.0
2020-05-04 07:00:00,6809.0
2020-05-04 08:00:00,18968.0
2020-05-04 09:00:00,33301.0
2020-05-04 10:00:00,36349.0
2020-05-04 11:00:00,37331.0
2020-05-04 12:00:00,29960.0
2020-05-04 13:00:00,30958.0
2020-05-04 14:00:00,28448.0
2020-05-04 15:00:00,24026.0
2020-05-04 16:00:00,23584.0
2020-05-04 17:00:00,19575.0
2020-05-04 18:00:00,14817.0
2020-05-04 19:00:00,13000.0
2020-05-04 20:00:00,8597.0
2020-05-04 21:00:00,6972.0
2020-05-04 22:00:00,5231.0
2020-05-04 23:00:00,3338.0
2020-05-05 00:00:00,1845.0
2020-05-05 01:00:00,1014.0
2020-05-05 02:00:00,337.0
2020-05-05 03:00:00,686.0
2020-05-05 04:00:00,689.0
2020-05-05 05:00:00,1607.0
2020-05-05 06:00:00,2114.0
2020-05-05 07:00:00,4343.0
2020-05-05 08:00:00,12237.0
2020-05-05 09:00:00,21507.0
2020-05-05 10:00:00,27903.0
2020-05-05 11:00:00,27699.0
2020-05-05 12:00:00,22692.0
2020-05-05 13:00:00,21560.0
2020-05-05 14:00:00,20807.0
2020-05-05 15:00:00,32281.0
2020-05-05 16:00:00,23167.0
2020-05-05 17:00:00,17287.0
2020-05-05 18:00:00,14200.0
2020-05-05 19:00:00,11024.0
2020-05-05 20:00:00,9298.0
2020-05-05 21:00:00,6830.0
2020-05-05 22:00:00,5197.0
2020-05-05 23:00:00,3803.0
2020-05-06 00:00:00,2292.0
2020-05-06 01:00:00,2123.0
2020-05-06 02:00:00,1660.0
2020-05-06 03:00:00,784.0
2020-05-06 04:00:00,783.0
2020-05-06 05:00:00,1196.0
2020-05-06 06:00:00,2437.0
2020-05-06 07:00:00,4668.0
2020-05-06 08:00:00,11199.0
2020-05-06 09:00:00,17593.0
2020-05-06 10:00:00,26401.0
2020-05-06 11:00:00,24944.0
2020-05-06 12:00:00,18983.0
2020-05-06 13:00:00,18283.0
2020-05-06 14:00:00,19264.0
2020-05-06 15:00:00,17868.0
2020-05-06 16:00:00,15659.0
2020-05-06 17:00:00,14198.0
2020-05-06 18:00:00,12178.0
2020-05-06 19:00:00,9634.0
2020-05-06 20:00:00,7384.0
2020-05-06 21:00:00,4751.0
2020-05-06 22:00:00,3966.0
2020-05-06 23:00:00,2281.0
2020-05-07 00:00:00,1449.0
2020-05-07 01:00:00,1019.0
2020-05-07 02:00:00,764.0
2020-05-07 03:00:00,624.0
2020-05-07 04:00:00,636.0
2020-05-07 05:00:00,735.0
2020-05-07 06:00:00,1448.0
2020-05-07 07:00:00,2804.0
2020-05-07 08:00:00,8297.0
2020-05-07 09:00:00,17362.0
2020-05-07 10:00:00,23331.0
2020-05-07 11:00:00,23644.0
2020-05-07 12:00:00,32439.0
2020-05-07 13:00:00,24427.0
2020-05-07 14:00:00,19557.0
2020-05-07 15:00:00,17684.0
2020-05-07 16:00:00,15894.0
2020-05-07 17:00:00,13989.0
2020-05-07 18:00:00,13305.0
2020-05-07 19:00:00,11422.0
2020-05-07 20:00:00,7865.0
2020-05-07 21:00:00,5822.0
2020-05-07 22:00:00,3763.0
2020-05-07 23:00:00,2064.0
2020-05-08 00:00:00,1455.0
2020-05-08 01:00:00,938.0
2020-05-08 02:00:00,455.0
2020-05-08 03:00:00,366.0
2020-05-08 04:00:00,450.0
2020-05-08 05:00:00,997.0
2020-05-08 06:00:00,1795.0
2020-05-08 07:00:00,4325.0
2020-05-08 08:00:00,12011.0
2020-05-08 09:00:00,20621.0
2020-05-08 10:00:00,25855.0
2020-05-08 11:00:00,34367.0
2020-05-08 12:00:00,33937.0
2020-05-08 13:00:00,33054.0
2020-05-08 14:00:00,24089.0
2020-05-08 15:00:00,20739.0
2020-05-08 16:00:00,21059.0
2020-05-08 17:00:00,11484.0
2020-05-08 18:00:00,11418.0
2020-05-08 19:00:00,13552.0
2020-05-08 20:00:00,8317.0
2020-05-08 21:00:00,5866.0
2020-05-08 22:00:00,4960.0
2020-05-08 23:00:00,2864.0
2020-05-09 00:00:00,1284.0
2020-05-09 01:00:00,951.0
2020-05-09 02:00:00,425.0
2020-05-09 03:00:00,551.0
2020-05-09 04:00:00,614.0
2020-05-09 05:00:00,500.0
2020-05-09 06:00:00,780.0
2020-05-09 07:00:00,981.0
2020-05-09 08:00:00,1735.0
2020-05-09 09:00:00,2539.0
2020-05-09 10:00:00,2733.0
2020-05-09 11:00:00,2818.0
2020-05-09 12:00:00,2234.0
2020-05-09 13:00:00,2242.0
2020-05-09 14:00:00,2157.0
2020-05-09 15:00:00,3176.0
2020-05-09 16:00:00,2455.0
2020-05-09 17:00:00,1809.0
2020-05-09 18:00:00,2067.0
2020-05-09 19:00:00,2920.0
2020-05-09 20:00:00,1941.0
2020-05-09 21:00:00,1637.0
2020-05-09 22:00:00,1164.0
2020-05-09 23:00:00,634.0
2020-05-10 00:00:00,444.0
2020-05-10 01:00:00,257.0
2020-05-10 02:00:00,217.0
2020-05-10 03:00:00,189.0
2020-05-10 04:00:00,269.0
2020-05-10 05:00:00,376.0
2020-05-10 06:00:00,537.0
2020-05-10 07:00:00,682.0
2020-05-10 08:00:00,935.0
2020-05-10 09:00:00,1533.0
2020-05-10 10:00:00,2135.0
2020-05-10 11:00:00,2618.0
2020-05-10 12:00:00,2148.0
2020-05-10 13:00:00,2524.0
2020-05-10 14:00:00,1940.0
2020-05-10 15:00:00,2219.0
2020-05-10 16:00:00,2524.0
2020-05-10 17:00:00,2834.0
2020-05-10 18:00:00,3371.0
2020-05-10 19:00:00,3596.0
2020-05-10 20:00:00,3851.0
2020-05-10 21:00:00,3075.0
2020-05-10 22:00:00,2491.0
2020-05-10 23:00:00,2614.0
2020-05-11 00:00:00,2171.5
2020-05-11 01:00:00,510.0
2020-05-11 02:00:00,313.0
2020-05-11 03:00:00,155.0
2020-05-11 04:00:00,364.0
2020-05-11 05:00:00,1349.0
2020-05-11 06:00:00,2629.0
2020-05-11 07:00:00,7565.0
2020-05-11 08:00:00,17564.0
2020-05-11 09:00:00,29046.0
2020-05-11 10:00:00,36527.0
2020-05-11 11:00:00,29914.0
2020-05-11 12:00:00,22122.0
2020-05-11 13:00:00,19652.0
2020-05-11 14:00:00,19424.0
2020-05-11 15:00:00,18401.0
2020-05-11 16:00:00,18932.0
2020-05-11 17:00:00,15147.0
2020-05-11 18:00:00,18951.0
2020-05-11 19:00:00,13853.0
2020-05-11 20:00:00,8070.0
2020-05-11 21:00:00,6687.0
2020-05-11 22:00:00,4184.0
2020-05-11 23:00:00,2254.0
2020-05-12 00:00:00,1233.0
2020-05-12 01:00:00,1130.0
2020-05-12 02:00:00,359.0
2020-05-12 03:00:00,483.0
2020-05-12 04:00:00,653.0
2020-05-12 05:00:00,882.0
2020-05-12 06:00:00,2047.0
2020-05-12 07:00:00,3180.0
2020-05-12 08:00:00,9458.0
2020-05-12 09:00:00,17140.0
2020-05-12 10:00:00,35484.0
2020-05-12 11:00:00,38140.0
2020-05-12 12:00:00,28472.0
2020-05-12 13:00:00,23017.0
2020-05-12 14:00:00,22915.0
2020-05-12 15:00:00,22231.0
2020-05-12 16:00:00,20168.0
2020-05-12 17:00:00,17173.0
2020-05-12 18:00:00,15095.0
2020-05-12 19:00:00,9786.0
2020-05-12 20:00:00,7701.0
2020-05-12 21:00:00,6785.0
2020-05-12 22:00:00,3913.0
2020-05-12 23:00:00,2939.0
2020-05-13 00:00:00,1471.0
2020-05-13 01:00:00,707.0
2020-05-13 02:00:00,612.0
2020-05-13 03:00:00,284.0
2020-05-13 04:00:00,556.0
2020-05-13 05:00:00,1152.0
2020-05-13 06:00:00,1815.0
2020-05-13 07:00:00,4389.0
2020-05-13 08:00:00,10102.0
2020-05-13 09:00:00,22432.0
2020-05-13 10:00:00,32761.0
2020-05-13 11:00:00,32609.0
2020-05-13 12:00:00,29944.0
2020-05-13 13:00:00,25977.0
2020-05-13 14:00:00,21491.0
2020-05-13 15:00:00,20539.0
2020-05-13 16:00:00,24503.0
2020-05-13 17:00:00,17840.0
2020-05-13 18:00:00,16713.0
2020-05-13 19:00:00,11300.0
2020-05-13 20:00:00,6393.0
2020-05-13 21:00:00,3775.0
2020-05-13 22:00:00,5005.0
2020-05-13 23:00:00,3180.0
2020-05-14 00:00:00,1031.0
2020-05-14 01:00:00,872.0
2020-05-14 02:00:00,641.0
2020-05-14 03:00:00,347.0
2020-05-14 04:00:00,263.0
2020-05-14 05:00:00,1519.0
2020-05-14 06:00:00,1343.0
2020-05-14 07:00:00,4205.0
2020-05-14 08:00:00,10365.0
2020-05-14 09:00:00,17819.0
2020-05-14 10:00:00,27298.0
2020-05-14 11:00:00,28364.0
2020-05-14 12:00:00,26193.0
2020-05-14 13:00:00,22970.0
2020-05-14 14:00:00,26516.0
2020-05-14 15:00:00,21999.0
2020-05-14 16:00:00,17851.0
2020-05-14 17:00:00,14638.0
2020-05-14 18:00:00,13746.0
2020-05-14 19:00:00,11532.0
2020-05-14 20:00:00,8966.0
2020-05-14 21:00:00,5731.0
2020-05-14 22:00:00,4105.0
2020-05-14 23:00:00,2458.0
2020-05-15 00:00:00,1364.0
2020-05-15 01:00:00,848.0
2020-05-15 02:00:00,762.0
2020-05-15 03:00:00,412.0
2020-05-15 04:00:00,515.0
2020-05-15 05:00:00,784.0
2020-05-15 06:00:00,1333.0
2020-05-15 07:00:00,4054.0
2020-05-15 08:00:00,9568.0
2020-05-15 09:00:00,20164.0
2020-05-15 10:00:00,29001.0
2020-05-15 11:00:00,35623.0
2020-05-15 12:00:00,28141.0
2020-05-15 13:00:00,24684.0
2020-05-15 14:00:00,25665.0
2020-05-15 15:00:00,25510.0
2020-05-15 16:00:00,22843.0
2020-05-15 17:00:00,23644.0
2020-05-15 18:00:00,17351.0
2020-05-15 19:00:00,14966.0
2020-05-15 20:00:00,8988.0
2020-05-15 21:00:00,5354.0
2020-05-15 22:00:00,4387.0
2020-05-15 23:00:00,2414.0
2020-05-16 00:00:00,1361.0
2020-05-16 01:00:00,845.0
2020-05-16 02:00:00,1066.0
2020-05-16 03:00:00,263.0
2020-05-16 04:00:00,342.0
2020-05-16 05:00:00,381.0
2020-05-16 06:00:00,596.0
2020-05-16 07:00:00,778.0
2020-05-16 08:00:00,904.0
2020-05-16 09:00:00,1618.0
2020-05-16 10:00:00,2142.0
2020-05-16 11:00:00,2167.0
2020-05-16 12:00:00,1377.0
2020-05-16 13:00:00,2225.0
2020-05-16 14:00:00,1689.0
2020-05-16 15:00:00,1364.0
2020-05-16 16:00:00,1146.0
2020-05-16 17:00:00,1264.0
2020-05-16 18:00:00,1549.0
2020-05-16 19:00:00,1598.0
2020-05-16 20:00:00,1157.0
2020-05-16 21:00:00,887.0
2020-05-16 22:00:00,1165.0
2020-05-16 23:00:00,699.0
2020-05-17 00:00:00,389.0
2020-05-17 01:00:00,182.0
2020-05-17 02:00:00,115.0
2020-05-17 03:00:00,56.0
2020-05-17 04:00:00,79.0
2020-05-17 05:00:00,271.0
2020-05-17 06:00:00,361.0
2020-05-17 07:00:00,872.0
2020-05-17 08:00:00,521.0
2020-05-17 09:00:00,1003.0
2020-05-17 10:00:00,1442.0
2020-05-17 11:00:00,1334.0
2020-05-17 12:00:00,632.0
